1, 8850127044003,ไมโลแอดทิฟ-บี 35กรัม/ซอง,0,8,700,2,1
2, 8850157400916,เบนโตะ,50,50,99,2,1
3, 8851123212205,M SPORT/หีบ,0,210,94,2,1
4,0001111,อาหาร 301,0,675,93,2,1
5,0001112,อาหาร 302,0,465,99,2,1
6,0001113,อาหาร 303,0,425,88,2,1
7,0001114,อาหาร 304,0,365,100,2,1
8,0001115,อาหาร 301B,0,475,94,2,1
9,000300,ยางวง ห่อ20.-,20,20,99,2,1
10,0003001,พาราซิม 5ล./ลัง,0,1700,88,2,1
11,000302,น้ากระป๋อง-ถาด,260,0,91,2,1
12,0055120000698,ข้าวเกรียบ  P.R/หีบ,0,585,92,2,1
13,047400247307,ยิลเลตต์ โฟมมี่เมนทอล175กรัม/ขวด,0,135,90,2,1
14,08850002002531,โปรจัมพ์ เขียว,0,725,80,2,1
15,08850002016118,ปรับผ้านุ่มไฮคลาส สีชมพู650/หีบ,0,310,99,2,1
16,08850002016125,ปรับผ้านุ่มไฮคลาส สีส้ม650/หีบ,0,310,98,2,1
17,08850002016545,ไลปอน ชามะนาว 550 มล./หีบ,0,395,96,2,1
18,08850002016804,ปรับผ้านุ่มไฮคลาส สีฟ้า650/หีบ,0,310,98,2,1
19,08850002017467,ปรับผ้านุ่มไฮคลาส สีม่วง650/หีบ,0,310,98,2,1
20,08850002022225,108 shop 1kg,0,485,97,2,1
21,08850002022232,108Shop3500กรัม/ลัง,550,560,37,2,1
22,08850002022805,108 SHOP 350g/หีบ,0,510,10,2,1
23,08850002022935,เปา ไวท์ 90กรัม/หีบ,0,0,99,2,1
24,08850002022959,เปา คัลเลอร์ 90กรัม/หีบ,0,0,99,2,1
25,08850124083098,เนสกาแฟ3อิน1 ริชอโรมา/หีบ,2250,2250,95,2,1
26,08850124083128,เนสกาแฟ เอสเปรสโซ โรซสต์/หีบ,2250,2250,96,2,1
27,08850124092830,ซอสแม็กกี้/หีบ,0,410,97,2,1
28,08850127004588,ไมโล 3อิน1/หีบ,0,990,97,2,1
29,08850127007688,อิ่มดี5บ./,0,0,99,3,2
30,08850127009347,ไมโลแอคทิฟ-บี 35 กรัม/หีบ,0,0,99,2,1
31,08851123218108,.357เเอ็กซ์ตร้า/หีบ,0,425,98,2,1
32,08851123220057,M-150/หีบ,0,430,68,2,1
33,08851123227070,โอเล่คิวตี้รสน้ำส้ม/หีบ,0,0,99,2,1
34,08851123227100,โอเล่คิวตี้รสสตรอเบอร์รี่/หีบ,0,0,99,2,1
35,08851123227131,โอเล่คิวตี้รสองุ่น/หีบ,0,0,99,2,1
36,08851123233026,โสมอินซัมผสมโสมสกัดและน้ำผึ้ง/หีบ,0,425,998858954201215,2,1
37,08851123234054,เเซซซี่ กลิ่นกีวีแอปเปิ้ล/หีบ,0,0,7,2,1
38,08851123234085,เเซซซี่ กลิ่นมิกซ์เบอร์รี่/หีบ,0,0,7,2,1
39,08851123237024,วิตามินเลมอน/หีบ,0,0,7,2,1
40,08851123237055,วิตามินออเร้นจ์/หีบ,0,0,7,2,1
41,08851123480024,ลูกอมโอเล่ บิวตี้สตรอเบอร์รี่โซดา/หีบ,0,0,6,2,1
42,08851123481021,ลูกอมโอเล่ บิวตี้ไวลด์แอปเปิ้ลโซดา/หีบ,0,0,7,2,1
43,08851820542333,ลูกอมมายมิ้นท์36ถุง/หีบ,0,1400,5,2,1
44,08851826541114,ลูกนมรสนมคูค้า/หีบ,0,945,92,2,1
45,08851826541138,คู้การสนม100ม.-ลัง,0,1400,97,2,1
46,1110111,16-20-0 กระต่าย,0,730,4,2,1
47,1110112,15-15-15 กระต่าย,0,0,7,2,1
48,1110113,21-0-0 กระต่าย,0,510,5,2,1
49,1110114,46-0-0 กระต่าย,0,700,7,2,1
50,1110115,13-13-21 กระต่าย,0,0,7,2,1
51,1110116,15-15-15 วัว,0,0,6,2,1
52,1110117,13-13-21 วัว,0,0,7,2,1
53,111222,ยางมือสอง,200,200,944,5,1
54,1112221,หอมแดง,0,20,-8,2,1
55,16928626360098,เมจิกดั้งเดิม/หีบ,0,290,7,2,1
56,17612100053802,โอวัลติน180มล./หีบ,0,498,4,2,1
57,17612100059958,โอวัลติน-เม็ด/หีบ,0,0,7,2,1
58,17612100061432,โอวัลติน3อิน1 20กรัม/หีบ,0,0,3,2,1
59,18850007010101,แป้งเด็กจอห์นสัน คลาสสิค 50กรัม/หีบ,0,0,6,2,1
60,18850007020438,สบู่เด็ก จอห์นสัน บลอสชั่ม 75กรัม/หีบ,0,0,7,2,1
61,18850038400018,ซองหอยนางรม ตราแม่ครัว/หีบ,0,0,7,2,1
62,18850038400032,ซอสหอยนางรม ตราแม่ครัว/หีบ,0,0,7,2,1
63,18850094207019,แชมพูเด็กน่ารัก 5มล./หีบ,0,0,6,2,1
64,18850094301016,เทียร่า มะลิ5มล./หีบ,0,0,7,2,1
65,18850151061110,นมข้นหวานมะลิ/หีบ,0,960,7,2,1
66,18850153333093,ปลากระป๋องสามแม่ครัวฝาดึง/หีบ 10 แพ็ค,0,1580,-20,2,1
67,18850153338029,น้ำปลาไส้ตันแท้ ตราสามแม่ครัว/หีบ,0,0,-19,2,1
68,188501870001173,บะหมี่สำเร็จรูป ตรา ฉัตร/หีบ,0,98,-1,2,1
69,18850187100197,เส้นหมี่ ตราฉัตร/หีบ,0,580,3,2,1
70,18850209018813,หมากฝรั่ง12ขวด200เม็ด/หีบ,0,945,1,2,1
71,18850250001659,อายิโนะโมะโต๊ะ250กรัม/หีบ30ซอง14ห่อ,0,1910,-2,2,1
72,18850250006074,อายิโนะโมะโต๊ะ250กรัม/หีบ30ซอง4ห่อ,0,1910,-1,2,1
73,18850250007347,อายิโนะโมะโต๊ะ85กรัม/หีบ,0,0,5,2,1
74,188502671118241,แลคตาซอย300มล/หีบ36กล่อง,0,280,-10,2,1
75,18850267118135,แลคตาซอย 300มล/หีบ36กล่อง,0,280,-91,2,1
76,18850267118227,แลคตาซอย300มล/หีบ36กล่อง,0,280,-118,2,1
77,18850267128127,แลคตาซอย 500มล/หีบ12กล่อง,0,185,-28,2,1
78,18850267128233,แลคตาซอย 500มล/หีบ12กล่อง,0,185,-27,2,1
79,18850267128721,แลคตาซอย รสหวานคลาสสิค125มล/หีบ60กล่อง,0,245,-570,2,1
80,18850267128745,แลคตาซอย แคลเซียมสูง125มล/หีบ60กล่อง,0,245,-311,2,1
81,18850267900020,แลคตาซอย งาดำ300มล/หีบ36กล่อง,0,280,7,2,1
82,18850267900051,แลคตาซอยงาดำ125มล/หีบ60กล่อง,0,245,-231,2,1
83,18850293200040,ซีอิ๊วขาว ตราแม่ครัวฉลากทอง/หีบ,0,0,7,2,1
84,1885030901931,เมจิกรสช็อกโกเเลต/หีบ,0,468,7,2,1
85,18850309200163,ฟันโอครีมคัสตาร์ด/หีบ,0,585,-16,2,1
86,18850309200927,ทิวลี่ ครีม เคืลอบช็อกโกแลต/หีบ,0,465,4,2,1
87,18850309201214,ขนม ทิวลี่ ทวินวานิลลา/หีบ,0,465,-1,2,1
88,18850309201351,ฟันโอครีมรสนม/หีบ,0,585,2,2,1
89,18850309202365,เมจิกกลิ่นเนย/หีบ,0,465,7,2,1
90,18850309202983,ครีมโอราดคาราเมลและช็อกโกแลต/หีบ,0,585,6,2,1
91,18850309203003,ครีมโอราดมะพร้าวและช็อกโกแลต/หีบ,0,585,-133,2,1
92,18850309203249,ฟันโอครีมช็อกช็อก/หีบ,0,585,-8,2,1
93,18850309204376,ครีมโอกลิ่นสตรอเบอร์รี่และช็อกโกแลต/หีบ,0,585,7,2,1
94,18850309204925,ฟันโอครีมสตรอเบอร์รี่/หีบ,0,585,7,2,1
95,18850309207056,ลูกอมลัช รสนม/หีบ,0,0,7,2,1
96,18850309207070,ลูกอมลัช รสสตรอเบอร์รี่/หีบ,0,0,7,2,1
97,18850344002081,น้ำจี้นสุกี้กวางตุ้น ตราสุรีย์/หีบ,0,0,3,2,1
98,18850403201257,วุ้นเส้นสายฝน 70 กรัม/หีบ 120 ถุง,0,1060,6,2,1
99,188504032125,วุ้นเส้นสายฝน70กรัม/หีบ,0,1060,7,2,1
100,18850425008346,เยลลี่ปีโป้ ผลไม้/หีบ12ถาด,0,300,-3,2,1
101,18850635007538,น้ำมันปาล์ม สายรุ้ง/หีบ,0,480,43,2,1
102,18851012103058,ไมโล แอคทิฟ-บี200มล./กล่อง,0,12,10,2,1
103,18851299520316,แปรงสีฟันเด็ก,78,78,89,2,1
104,18851648101166,รักไทย/หีบ,0,0,10,2,1
105,18851707000188,sano som 700 มล./หีบ,0,0,10,2,1
106,18851932164976, บรีส เอกเซล สปีด 90กรัม/หีบ,0,0,5,2,1
107,18851932171561,พอนด์ส ไวท์ บิวตี้ พิ้งคิช ไวท์ครีม8กรัม/หีบ,0,0,-35,2,1
108,18851932178478,ซันไลต์ 160มล.48ขวด/หีบ,0,0,7,2,1
109,18851932181607,บรีสเอกเซล 90 กรัม/หีบ,0,0,7,2,1
110,18851932220467,เคลียร์ แพมพู สีชมพู 5มล./หีบ,0,0,7,2,1
111,18851932223215,โอโม 135 กรัม/หีบ,0,0,7,2,1
112,188519322322453,ลักส์ ครีมอาบน้ำ สีทอง 550มล./หีบ,0,0,7,2,1
113,18851932250013,"โอโม 3,000กรัม/หีบ",0,0,5,2,1
114,18852047111817,เซียงไฮ เคลือบรสโกโก้/หีบ,0,0,7,2,1
115,18852047111831,เซียงไฮ กลิ่นวานิลลา/หีบ,0,0,7,2,1
116,18852047111879,เซียงไฮ รสนม/หีบ,0,0,-41,2,1
117,1885238000627,หงส์ทอง สุราผสม 35ดีกรี/ลัง,0,195,7,2,1
118,18852681040894,นมแท่ง รสนม/หีบ,0,0,7,2,1
119,18852681040900,นมแท่ง รสช็อกโกแลต/หีบ,0,0,-19,2,1
120,18853002300581,ดีมอลต์/หีบ,0,0,7,2,1
121,1885474000444,สุรา 35ดีกรี ใหญ่/ลัง,0,995,6,2,1
122,18854794000369,นิยมไทย 35 ดีกรีใหญ่/ลัง,0,860,7,2,1
123,18854794000505,แม่วังวารี สุราขาว28 ดีกรี/ลัง,0,605,9,2,1
124,18855444004935,เมจิกกลิ่นบลูเบอร์รี่/หีบ,0,0,6,2,1
125,18855444004942,เมจิกบูลกลิ่นสตรอเบอร์รี่/หีบ,0,0,5,2,1
126,18855444004959,เมจิกบูลกลิ่นสัปปะรด/หีบ,0,0,7,2,1
127,18858279004347,อันปันกลิ่นนมข้นหวาน/หีบ,0,0,7,2,1
128,18858766100460,ปลากระป๋องไชโยฝาดึง/หีบ10 แพ็ค,0,850,-21,2,1
129,18858766100682,Hi chu,0,850,98,2,1
130,18859015700011,โรบัสต้า อะมิโนแอซิด/หีบ,0,0,6,2,1
131,18934839116481,ใกล้ชิด ดีพ แอคชั่น เมนทอลเฟรช30กรัม/หีบ,0,0,7,2,1
132,18996001303716,ขนช็อกโก้มิ้ลค์แซนวิช/หีบ,0,0,7,2,1
133,21128714,สบู่เบนเนทส้ม/แพก,0,0,7,2,1
134,28850007070140,จอรสันต์กระปุกชมพู,0,350,99,2,1
135,28850022818566,น้ำเฉาก๊วยผสมน้ำผึ้ง ตราไอวี่/หีบ,0,0,7,2,1
136,28850035310133,ปลากระป๋องนกพิราบเหลืองฝาดึง/หีบ 10 แพ็ค,0,1200,-4,2,1
137,28850035310225,ปลากระป๋องนกพิราบเขียวฝาดึง/หีบ,1200,1210,-7,2,1
138,28850100000068,ไวไวควิกต้มยำกุ้ง/หีบ6 กล่อง,0,880,6,2,1
139,28850100001089,ไวไวควิกต้มโคล้ง/หีบ 6 กล่อง,0,880,6,2,1
140,28850100001225,ไวไวรสหมูสับต้มยำ/หีบ 6 กล่อง,0,880,6,2,1
141,28850100001461,ไวไวเส้นหมี่หมูสับ/หีบ 6กล่อง,0,880,7,2,1
142,28850100003410,ไวไวควิกกุ้งนึ่งมะนาว/หีบ 6 กล่อง,0,880,3,2,1
143,28850210000033,น้ำมันถั่วเหลือง ตราองุ่น/หีบ,0,0,7,2,1
144,28850250002226,รสดี รสหมู450กรัม/หีบ,0,0,7,2,1
145,28850344002193,ซอสหอยนางรม ตราสุรีย์/หีบ,0,0,7,2,1
146,28850382400006,SPY CLASSIC/ลัง,0,0,7,2,1
147,28850403204002,วุ้นเส้นสายฝน 22 กรัม  /หีบ 400 ถุง,0,0,7,2,1
148,28850403205009,วุ้นเส้นสายฝน500กรัม/ลัง,1050,1060,-16,2,1
149,28850635001325,น้ำนัมพืชโอลีน 2ลิตร/หีบ,0,0,5,2,1
150,28850800003410,คลิก รสกุ้งนึ่งมะนาว/หีบ,0,0,7,2,1
151,28850866271504,น้ำมันหอยมังกร/ลัง,400,0,98,2,1
152,28850987101278,มาม่าหมูสับ/หีบ6กล่อง,0,900,78,2,1
153,28850987101292,มาม่ากุ้ง/หีบ 6 กล่อง,0,900,86,2,1
154,28850987144396,มาม่าแกงเขียวหวานไก่/หีบ,0,900,99,2,1
155,28850987144398,มาม่าแกงเขียวหวาน/หีบ6กล่อง,0,900,97,2,1
156,28851494007563,น้ำมันปาล์ม ตราเกสร 250ซม./หีบ,0,0,-2,2,1
157,28851717040201,ดิชมิลส์ รสส้ม/หีบ,0,0,7,2,1
158,28851717040218,ดัชมิลส์ รสสตรอเบอร์รี่/หีบ,0,0,0,2,1
159,28851717040225,ดัชมิลล์คิดส์ ผลไม้รวม/หีบ,0,0,6,2,1
160,28854790000407,นิยมไทย 35 ดีกรีเล็ก/ลัง,0,930,5,2,1
161,28854794000489,สุรา 35ดีกรี เล็ก/ลัง,0,0,4,2,1
162,29556006012080,จอห์นสันเบบี้ 100มล.,0,78,99,2,1
163,29556006012097,อาบเด็กจอนสันต์ 200มล.,0,330,99,2,1
164,29556006060098,จอห์นสันเบบี้สีเหลือง50มล./แพ็ค,0,135,99,2,1
165,333001,ขนมกรุบกรอบขนาด 5.-/แพก12ซอง,48,50,-477,2,1
166,333002,ขนมกรุบกรอบขนาด 2.-/แพก 12ซอง,19,20,-182,2,1
167,333003,วุ้นแท่ง 1.-/แพก12ชิ้น,9,10,6,2,1
168,333004,ลูกออม/ห่อ100เม็ด,38,40,-77,2,1
169,333005,ลูกออม/ห่อ50เม็ด,19,20,-14,2,1
170,333006,ลูกออม/กระปุก200เม็ด,78,80,-79,2,1
171,333011111,โครงไก่,20,20,-2,2,1
172,3330114,นมเม็ด,19,20,1,2,1
173,33309001,สปายวาย/ลัง,0,0,7,2,1
174,333112,แฟบ900กรัม,410,410,3,2,1
175,333114,แฟบ3000กรัม,590,590,6,2,1
176,3331142,กระสอบ,5.3,5.5,-493,2,1
177,38850188800052,โอเมก้า รสจืด 180มล./หีบ36กล่อง,0,330,7,2,1
178,38850188800069,โอเมก้า รสหวาน 180มล./หีบ36กล่อง,0,330,7,2,1
179,38850250001660,อายิโนะโมะโต๊ะ 85 กรัม/หีบ,0,0,7,2,1
180,38850304081273,นีโอบัน/กล่อง 20-10 แผ่น,0,175,1,2,1
181,38851123426313,ลูกอมโอเล่ แตงโม/หีบ,0,0,7,2,1
182,400888166838,สบู่วาสลีน สีเหลือง/ก้อน,0,0,7,2,1
183,42184706,Nivea whitening ลูกกลิ้ง,40,42,10,2,1
184,444010011,ตู้ยา,490,490,6,4,1
185,44409011,แก้วพลาสติก,28,28,3,2,1
186,44409012,เครื่องดื่ม20.-,20,20,3,2,1
187,44409208,ปลาไผ่/500กรัม,58,60,4,2,1
188,44409224,เข็ม/โหล,50,50,4,2,1
189,44410001,4ที เชล์ 1ลิตร/ลัง,970,970,6,2,1
190,4441001,ร้องเท้ายูกิ,90,95,-5,2,1
191,4441002,สะต๊าดดอย,50,55,-5,2,1
192,4441003,ADDA ดี,95,98,1,2,1
193,44490,ขนมกรอบ5.-/ลัง12ห่อ,575,580,-36,2,1
194,44490000,ไข่เบอร์0/แผง30ฟอง,0,110,7,2,1
195,44490001,ไข่เบอร์1/แผง30ฟอง,0,105,7,2,1
196,44490002,ไข่เบอร์2/แผง30ฟอง,0,103,-147,2,1
197,44490003,ไข่เบอร์3/แผง30ฟอง,0,98,-221,2,1
198,44490004,ไข่เบอร์4/แผง30ฟอง,0,89,-58,2,1
199,44490005,ไข่เบอร์5/แผง30ฟอง,0,75,-181,2,1
200,44490006,ปลาทูหนึ่ง/ห่อ10แข่ง,75,80,-276,2,1
201,44490007,จิ้นส้มก้อน/ห่อ10ชิ้น,75,80,-52,2,1
202,44490008,ปลาทูเค็ม/ลัง10กก.,360,400,-30,2,1
203,44490009,ปลาทูเค็ม/กก.,46,48,-18,2,1
204,44490010,ปลาทูเค็ม/500ก.,23,25,7,2,1
205,44490011,ปลาเค็ม/กก.,140,160,-3,2,1
206,44490012,ปลาเค็ม/500ก.,70,78,-3,2,1
207,44490013,ปลาเค็ม/250ก.,35,40,7,2,1
208,44490014,ปลาซิวแก้ว/กก.,230,250,6,2,1
209,44490015,ปลาซิวแก้ว/500ก.,115,125,7,2,1
210,44490016,ปลาซิวแก้ว/250ก.,59,60,7,2,1
211,44490017,ปลาทูเล็ก/ถุง10กก.,380,400,-110,2,1
212,44490018,ปลาทูเล็ก/กก.,40,48,5,2,1
213,44490019,ปลาทูเล็ก/500ก.,20,25,2,2,1
214,44490020,ปลาวง/กก.,280,290,7,2,1
215,44490021,ปลาวง/500ก.,140,160,6,2,1
216,44490022,ปลาวง/250ก.,70,80,6,2,1
217,44490023,ปลาวงยักษ์/กก.,180,190,7,2,1
218,44490024,ปลาวงยักษ์/500ก.,90,95,7,2,1
219,44490025,ปลาวงยักษ์/250ก.,45,50,7,2,1
220,44490026,ลูกชิ้นหมูเขียว/กก.,55,60,-53,2,1
221,44490027,ลูกชิ้นหมูแดง/กก.,50,55,-182,2,1
222,44490028,ลูกชิ้นเอ็นหมู/กก.,55,60,-7,2,1
223,44490029,ลูกชิ้นเนื้อ/กก.,55,60,-13,2,1
224,44490030,ลูกชิ้นเอ็นเนื้อ/กก.,55,60,6,2,1
225,44490031,ลูกชิ้นจำโบ้/กก.,55,60,-3,2,1
226,44490032,หมูยอยก้อน/กก.,55,60,-9,2,1
227,44490033,หมูยอยแผ่นคู่/กก.,55,60,-105,2,1
228,44490034,ไส้กรอกรมควัน/กก.,55,60,-80,2,1
229,44490035,แหนมแท่ง/มัด10แท่ง,100,105,2,2,1
230,44490036,เหมี้ยงออม/ห่อ10กำ,170,180,7,2,1
231,44490037,เหมี้ยงออม/กำ,17,20,5,2,1
232,44490038,หมากขาว/กก.,85,90,-9,2,1
233,44490039,หมากขาว/500ก.,43,45,7,2,1
234,44490040,หมากแดง/กก.,60,65,7,2,1
235,44490041,หมากแดง/500ก.,60,35,7,2,1
236,44490042,ปลาแห้งหัวตัด/กก.,220,230,6,2,1
237,44490043,ปลาแห้งหัวตัด/500ก.,110,120,7,5,1
238,44490044,ปลาแห้งหัวตัด/250ก.,55,60,6,2,1
239,44490045,ถั่วแผ่น/ถุง8กก.,385,400,7,2,1
240,44490046,ถั่วแผ่น/กก.,50,55,5,2,1
241,44490047,ถั่วแผ่น/500ก.,25,28,7,2,1
242,44490048,กระปิแบบปิ๊บ/ปิ๊บ,400,420,6,2,1
243,44490049,กระปิแบบถัง/ถัง,420,440,5,2,1
244,44490050,กระปิ/กก.,23,25,-13,2,1
245,44490051,กระปิ/500ก.,11,13,7,2,1
246,44490052,แคบหมู5.-/พวงใหญ่5พวงห,180,190,-38,2,1
247,44490053,แคบหมู5.-/พวง10ห่อ,35,40,4,2,1
248,44490054,แคบหมู1.-/ถุงใหญ่4ถุง,0,720,0,2,1
249,44490055,แคบหมู1.-/ถุง20พวง,0,180,-20,2,1
250,44490056,แคบหมูขุนยวม10.-/ห่อ,85,90,-8,2,1
251,44490057,แคบหมูขุนยวม5.-/ห่อ,95,100,-9,2,1
252,44490058,แคบหมูไร้มัน/ถุง10พวง,180,190,-6,2,1
253,44490059,แคบหมูไร้มัน/พวง10ชิ้น,38,40,7,2,1
254,44490062,ชาธรรมดา/กก.,115,120,6,2,1
255,44490063,ชาธรรมดา/500ก.,58,60,7,2,1
256,44490064,ชาเขียวพิเศษ/กก.,145,150,3,2,1
257,44490065,ชาเขียวพิเศษ/500ก.,63,65,6,2,1
258,44490066,เม็ดทานตะวัน/ถุง10กก.,680,730,6,2,1
259,44490067,เม็ดทานตะวัน/กก.,70,75,6,2,1
260,44490068,เม็ดทานตะวัน/500ก.,73,75,7,2,1
261,44490069,ถั่วปากอ้า/ถุง10กก.,390,500,7,2,1
262,44490070,ถั่วปากอ้า/กก.,40,50,7,2,1
263,44490071,ถั่วปากอ้า/500ก.,20,25,6,2,1
264,44490072,น้ำอ้อยห่อตอง/แพก10กก.,270,280,5,2,1
265,44490073,น้ำอ้อยห่อตอง/กก.,28,30,7,2,1
266,44490074,แปะโย่/ถุง25ห่อ,550,575,7,2,1
267,44490075,แปะโย่/ห่อ,22,25,3,2,1
268,44490076,ขนมเส้นแห้ง/กระสอบ50ถุง,510,550,-1,2,1
269,44490077,ขนมเส้นแห้ง/ถุง,12,14,-3,2,1
270,44490078,ข้าวซอยห่อยาว/กล่อง50ถุง,510,550,5,2,1
271,44490079,ข้าวซอยห่อยาว/ถุง,12,14,7,2,1
272,44490080,ปังปิ๊บแบ่งขาย/ห่อ,38,40,1,2,1
273,44490081,สาคู200กรัม/กระสอบ,0,0,7,2,1
274,44490082,สาคู200กรัม/ถุง,7,7.8,-6,2,1
275,44490083,สาคู400กรับ/กระสอบ,0,0,0,0,0
276,44490084,สาคู400กรับ/ถุง,0,20,-20,0,0
277,44490086,ยาสูบก้อน5.-/ห่อ20ก้อน,75,80,1,2,1
278,44490087,นมแท่ง5.-/แพก5ชิ้น,23,25,-77,2,1
279,44490088,ยาสูบแพง999/แผง24ชิ้น,185,190,-12,2,1
280,44490089,ยาสูบถุง10.-/ห่อ12ถุง,95,100,4,2,1
281,44490090,น้ำส้มขวด5.-/แพก6ขวด,23,25,-104,2,1
282,44490091,น้ำส้มขวด10.-/แพก6ขวด,47,48,-7,2,1
283,44490092,ลูกออมผลไม้รวม/ห่อ,11,12,-2,2,1
284,44490093,ลูกออมท๊อปพี่โบราณา/ห่อ,14,15,-14,2,1
285,44490094,ผงซักฟอกแบ่งขาย/กก.,33,35,-102,2,1
286,44490095,ลูกออม+ออมยิ้ม+อื่นๆ/ห่อ12ชิ้น,9,10,-153,2,1
287,44490096,ไม้จิ้มฟัน/แพก10ห่อ,85,90,7,2,1
288,44490098,ไม้เสียบลูกชิ้น/ห่อ,18,20,-43,2,1
289,44490099,โพลี่ไบร์ขัดจาน1.-/แผง6โหล,59,62,7,2,1
290,44490100,บิ๊กโคล่าเล็ก425ml/แพก12ขวด,104,108,-22,2,1
291,44490101,แป้งข้าวจ้าว480กรัม/แพก20ถุง,270,280,-17,2,1
292,44490102,แป้งข้าวจ้าว480กรัม/ถุง,14,15,2,2,1
293,44490103,แป้งข้าวเหนียว480กรัม/แพก20ถุง,270,280,-19,2,1
294,44490104,แป้งข้าวเหนียว480กรัม/ถุง,14,15,3,2,1
295,44490105,เสื่อพลาสติก/ผืน,145,150,7,2,1
296,44490106,เกลือเม็ดบรรจุขนาด20.-/ถุง,16.5,18,-42,2,1
297,44490107,เกลือเม็ดบรรจุขนาด5.-/กระสอบ,180,185,0,2,1
298,44490108,เกลือเม็ดบรรจุขนาด5.-/ถุง,3.8,4,0,0,0
299,44490109,เกลือเม็ดบรรจุขนาด10.-/กระสอบ,175,180,4,2,1
300,44490110,เกลือเม็ดบรรจุขนาด10.-/ถุง,8,9,7,2,1
301,44490111,เกลือป่น5.-/มัด10ถุง,33,35,4,2,1
302,44490112,เกลือป่น5.-/ถุง,4,5,7,2,1
303,44490113,น้ำส้มสายชู/ลัง12ขวด,95,110,5,2,1
304,44490114,น้ำส้มสายชู/ขวด,10,12,7,2,1
305,44490115,น้ำปลาไส้ตัน/ลัง12ขวด,95,110,1,2,1
306,44490116,น้ำปลาไส้ตัน/ขวด,10,12,3,2,1
307,44490117,ร้องเท้าตราดาวเทียมผู้ใหญ่/ถุง24คู่,1520,1560,1,2,1
308,44490118,ร้องเท้าตราดาวเทียมผู้ใหญ่/คู่,65,70,7,2,1
309,44490119,ร้องเท้าตราดาวเทียมเด็ก/ถุง24คู่,1000,1100,2,2,1
310,44490120,ร้องเท้าตราดาวเทียมเด็ก/คู่,50,45,7,2,1
311,44490121,ร้องเท้าตราBM20ใหญ่/ถุง12คู่,610,660,6,2,1
312,44490122,ร้องเท้าตราBM20ใหญ่/คู่,55,60,7,2,1
313,44490123,ร้องเท้าตราBM20เด็ก/ถุง12คู่,280,290,-3,2,1
314,44490124,ร้องเท้าตราBM20เด็ก/คู่,25,28,7,2,1
315,44490125,ร้องเท้าตราDD/ถุง12คู่,330,350,5,2,1
316,44490126,ร้องเท้าตราDD/คู่,29,35,7,2,1
317,44490127,ฝ้ายขาวใหญ่/ห่อ,480,490,6,2,1
318,44490128,ฝ้ายขาวใหญ่/ใจ,49,50,7,2,1
319,44490129,ฝ้ายดิ้นใหญ่/ห่อ,780,800,7,2,1
320,44490130,ฝ้ายดิ้นใหญ่/ใจ,65,68,7,2,1
321,44490131,ฝ้ายโทเล/ห่อ20ใจ,0,0,2,2,1
322,44490132,ฝ้ายโทเล/ใจ,0,0,4,2,1
323,44490133,ยานัตหมอชิด/กล่อง,0,0,2,2,1
324,44490134,ยานัตหมอมี/กล่อง,0,0,7,2,1
325,44490135,เทียนพม่า25/ห่อ,0,23,-56,2,1
326,44490136,ยาแก้ปวดหัวยาว/ห่อ5กล่อง,0,0,6,2,1
327,44490137,ยาแก้ปวดหัวยาว/กล่อง100 ซอง,0,0,5,2,1
328,44490138,ตะปู1-2ครั้ง/กล่อง,0,0,7,2,1
329,44490139,ตะปู1-2ครั้ง/ก.ก,0,0,7,2,1
330,44490140,ตะปู3-5/กล่อง,0,0,6,2,1
331,44490141,ตะปู1-2ครั้ง/ก.ก,0,0,7,2,1
332,44490142,ลูกจึน/กล่อง25ก.ก,0,0,-1,2,1
333,44490143,ลูกจึน/ก.ก,0,0,-25.5,2,1
334,44490144,น้ำดื่น 5บาท/แพ็ค 6ขวด,0,0,-127,2,1
335,44490145,ดิน ไฟ/กล่อง15ก.ก,0,0,7,2,1
336,44490146,ดิน ไฟ/ก.ก,0,0,-9,2,1
337,44490147,เชือดฟาก/ถุง12ม้วน,0,0,7,2,1
338,44490148,เชือดฟาก/ม้วน,0,0,5,2,1
339,44490149,เชือกเขียว/ก.ก,0,0,5,2,1
340,44490150,ขี้โย/ก.ก,0,0,7,2,1
341,44490151,ขี้โย/ครั้งก.ก,0,0,7,2,1
342,44490152,น้ำตาลทราย/กระสอบ50ก.ก,0,0,6,2,1
343,44490153,น้ำตาลทราย/ก.ก,0,0,-83,2,1
344,44490154,ขนมปับครีม/ปิ๊บ,0,0,-4,2,1
345,44490155,ขนมขาไก่/ปิ๊บ,0,0,4,2,1
346,44490156,ขนมเม็ดพลอย/ปิ๊บ,0,0,7,2,1
347,44490157,ขนมABC/ปิ๊บ,0,0,5,2,1
348,44490158,ขนมสับประรด/ปิ๊บ,0,0,5,2,1
349,44490159,ขนมแท่งโร่เลอร์/ปิ๊บ,0,0,5,2,1
350,44490160,ปังปิ๊บเวเฟอร์แผน/ปิ๊บ,0,0,-54,2,1
351,44490161,ปังปิ๊บงากรอบ/ปิ๊บ,0,0,7,2,1
352,44490162,ขนมแบมบู1บาท/ถุง,0,0,-10,2,1
353,44490163,ขนมรวม1บาท/ถุง,0,0,-36,2,1
354,44490164,เทียนเชียงใหม่ใหญ่/กล่อง 24ห่อ,0,580,7,2,1
355,44490165,เทียนเชียงใหม่ใหญ่/ห่อ,0,0,-9,2,1
356,44490166,เทียนเชียงใหม่ กลาง/ลัง3ห่อ,0,0,7,2,1
357,44490167,เทียนเชียงใหม่ กลาง/ห่อ,0,0,7,2,1
358,44490168,เครื่องเทศ 5บาท/แผง10ซอง,0,0,2,2,1
359,44490169,เสรื่องเทศ1บาท/แผง20ซอง,0,0,7,2,1
360,44490170,พริกลาบ5บาท/แผง10ซอง,0,0,-11,2,1
361,44490171,เกลือขาว/กระสอด20ก.ก,0,0,3,2,1
362,44490172,เกลือด้าน/กระสอบ20ก.ก,0,0,7,2,1
363,44490173,จอบตราจระเข้/ด้าม,0,173,7,2,1
364,44490174,จอบตราก้าก่า/ด้าม,0,150,7,2,1
365,44490175,กิโล 3kg/ตัง,0,580,7,2,1
366,44490176,กิโล 7kg/ตัง,0,580,7,2,1
367,44490177,กิโล 60kg/ตัง,0,980,7,2,1
368,44490178,กล้องเหล็ก120cm/เส้น,0,280,-3,2,1
369,44490179,กล้องเหล็ก150cm/เส้น,0,340,7,2,1
370,44490180,ตะเกียบ/ห่อ,0,0,7,2,1
371,44490181,หน้าสติ้ก/ห่อ5มัด,0,470,7,2,1
372,44490182,หน้งสติ้ก/มัด,0,98,6,2,1
373,44490183,บุหรี่พม่า/ห่อ 10 แพก,0,270,-1,2,1
374,44490184,บุหรี่พม่า/ แพก,0,280,1,2,1
375,44490185,พริกลาบ 10บาท/ถุง 10ห่อ,0,90,7,2,1
376,44490186,น้ำส้มขวด5บาท/แพก 6ขวด,0,25,-11,2,1
377,44490187,สบู่นมข้าว 100กรัม/แพ็ค,0,0,7,2,1
378,44490188,สบู่สิวด๊อกเตอร์ มนตรี/แพ๊ค,0,0,7,2,1
379,44490189,ซอสหวาน 250กรัม/ขวด,0,0,7,2,1
380,44490190,ซีอิ๊วถั่วเหลือง 100มล./ขวด,0,0,7,2,1
381,44490191,วาสลีน สีชมพู/แพ็ค 3ก้อน,0,0,7,2,1
382,44490192,วาสลีน สีเหลือง/แพ็ค 3ก้อน,0,0,7,2,1
383,44490193,ข้าวเกรียบอยุธยา 5.-/พวงใหญ่40ถุง,185,190,-31,2,1
384,44490194,ข้าวเกรียบอยุธยา 5.-/พวงเล็ก,38,40,-8,2,1
385,44490195,ขนมสด5-/ซอง(ขายปลีก),3.8,4,-43,2,1
386,44490196,วุ้นเส้น2.-/แพก30ชิ้น,54,55,6,2,1
387,44490197,ปลากระป๋องไชโย/แพก10กป.,84,85,-12,2,1
388,44490198,ธูป5.-/ห่อ,3.8,4,1,2,1
389,44490199,เทียนเล็กเขียวพม่า/ห่อ,7.8,8,-5,2,1
390,44490200,กุ้งเส้น5.-/ห่อ5ถุง,24,25,-40,2,1
391,44490201,แชมพู2.-/แถว12ซอง,19,20,3,2,1
392,44490202,ขนมสด5.-/ห่อ20ชิ้น,78,80,-181,2,1
393,44490203,ข้าวซอยตัด3.-/ห่อ8ชิ้น,19,20,-10,2,1
394,44490204,M150/แพก10ขวด,85,88,-27,2,1
395,44490205,แปรงสีฟันผู้ใหญ่/แพก12ชิ้น,98,100,-10,2,1
396,44490206,ดีโด้น้ำผลไม้ฝาเจาะ5.-/ลัง8แพก,198,200,-32,2,1
397,44490210,เทียนเล็ก,7.5,7.8,-26,2,1
398,44490211,วุ้นเส้นสายฝน500กรัม/ห่อ,53,55,-1,2,1
399,44490212,ปลาไผ่/ถุง10กก.,980,1000,6,2,1
400,44490213,เครื่องเทศ1.-/แผง20ซอง,14.5,15,-7,2,1
401,44490217,ถุงหิ้ว9*18,28,28,4,2,1
402,44490218,ถุงใสครึ่งกก./ห่อ,38,39,-7,2,1
403,44490219,แอลกอฮอล30ml/ขวด,8.5,9,-1,2,1
404,44490220,กล้องยานัต/อัน,8,9,2,2,1
405,44490221,น้ำส้ม10.-/ลัง,180,180,-9,2,1
406,44490222,ปังปิ๊บเล็ก,120,125,-125,2,1
407,44490223,ปูหลอด/หีบ,570,580,0,2,1
408,44490224,ลูกจืน/กก.,110,110,-108,2,1
409,44490225,ยาลม 108/ขวด,18,18,5,2,1
410,44490226,ขนมสด1.-/ถุง,115,115,-50,2,1
411,44490227,ปังปิ๊บสัปประรด/ปิ๊บ,310,320,0,2,1
412,44490228,แก๊ปแผง/กล่อง,110,110,-1,2,1
413,44490229,ของเล่น13.-/ชิ้น,10,10,-5,2,1
414,4449030,ของเล่น7.-/ชิ้น,5,5,0,2,1
415,4449060,เคียวด้ามไม้/ด้าม,0,0,-27,2,1
416,4449061,เคียวด้ามเหล็ก/ด้าม,0,0,1,2,1
417,4800888136466,แอ๊กซ์ แอฟริกา50มล./ขวด,0,69,7,2,1
418,4800888142702,เรโซนา สีเดง25 มล./ขวด,0,39,7,2,1
419,4800888151780,เรโซนา ชาวเวอร์คลีน25มล./ขวด,0,39,7,2,1
420,4800888161215,โดฟ ไวท์เทนนิ่ง ออริจินัล40มล./ขวด,0,69,7,2,1
421,4800888161222,โดฟ ไวท์เทนนิ่ง อันเชนท์40มล./ขวด,0,69,7,2,1
422,4800888166838,วาสลีน สีเหลือง/ก้อน,0,0,7,2,1
423,4800888172761,แอ๊กซ์ อนาร์ชี่ฟอร์ฮิม50มล./ขวด,0,69,7,2,1
424,4800888176493,เรโซนา สีส้ม25 มล./ขวด,0,39,7,2,1
425,4802306922125,BENMORE /ขวด,0,0,7,2,1
426,4806504610501,L&M  เขียว/แพ็ค10กล่อง,0,0,6,2,1
427,48850002905911,ไลปอนเอฟ/ลัง8แพก,390,495,6,2,1
428,48850002905917,ไลปอนเอฟ สูตรอนามัย/หีบ,0,0,5,2,1
429,48850188140209,นกเหยี่ยว/หีบ,0,0,7,2,1
430,48850188242200,โฟร์โมสต์ รสหวาน/หีบ,0,0,4,2,1
431,48850188420202,โฟร์โมสต์ รสส้ม/หีบ,0,0,7,2,1
432,48850188420400,โฟร์โมสต์ รสสตรอเบอร์รี่/หีบ,0,0,6,2,1
433,48850188420608,โฟร์โมสต์ รสผลไม้รวม/หีบ,0,0,6,2,1
434,48850188800943,โฟร์โมลส์ รสหวาน/หีบ,0,0,-3,2,1
435,48850250001711,รสดี รสไก่450กรัม/หีบ,0,0,7,2,1
436,48850635001312,น้ำมันพืช โอลีน 1ลิตร/หีบ,0,0,-54,2,1
437,48851494007545,น้ำมัน ตราเกสร/หีบ,0,0,-33,2,1
438,48851954100687,ซอสเขียวขวดใหญ่/ลัง12ขวด,380,385,5,2,1
439,48851954100700,ซองปรุงฝาน้ำตาล/หีบ,0,0,7,2,1
440,48851954100724,ซอสถั่ว ภูเขา/ลัง,0,240,97,2,1
441,48851954104104,ซอสมะเขือเทศ/หีบ,0,0,7,2,1
442,48855444002550,เอมอนมิกซ์ ส้ม/หีบ,0,0,-2,2,1
443,48855444002567,เอมอนมิกซ์ สตรอเบอร์รี่/หีบ,0,0,7,2,1
444,48855444003511,เอมอนมิกซ์ บลูเบอร์รี่/หีบ,0,0,7,2,1
445,48855444005414,จิงโจ้แดง สตรอเบอร์รี่/หีบ,0,0,6,2,1
446,48855444005421,จิงโจ้แดง บลูเบอร์รี่/หีบ,0,0,6,2,1
447,490243008417,โอเลย์ อินสแตนท์โกลว์วิ่งแฟร์เนสครีม7.5กรัม/กล่อง6ซอง,0,75,7,2,1
448,490243015364,ดาวน์นี่ สีฟ้า/ถุง,0,0,7,2,1
449,4902430251686,สบู่เซสการ์ด 4ก. เขียว,0,55,99,2,1
450,4902430251693,สบู่เซฟการ์ด กลิ่นหอมสะอาดสดชื่น87กรัม/ก้อน,0,0,7,2,1
451,4902430251747,สบู่เซสการ์ด 4ก. เหลือง,0,55,97,2,1
452,4902430251754,สบู่เซฟการ์ด กลิ่นหอมสดชื่น87กรัม/ก้อน,0,0,7,2,1
453,4902430251761,สบู่เซสการ์ดสีขาว 4ก. ขาว,0,55,99,2,1
454,4902430296823,โอเลย์เนเจอรัลไวท์ไลท์ออลอินวันแฟร์เนสเดย์ครีม7.5กรัม/ซอง,0,10,7,2,1
455,4902430318556,โอเลย์เนเจอรัลไวท์ไลท์ออลอินวันแฟร์เนสเดย์ครีม7.5กรัม/กล่อง6ซอง,0,60,7,2,1
456,4902430397070,เฮดแอนด์โชว์เดอร์แอนตี้-แฮร์ฟอล180มล./ขวด,0,0,7,2,1
457,4902430397100,เฮดเแอนด์โชว์เดอร์ดราบสคาล์พแคร์180มล./ขวด,0,0,7,2,1
458,4902430397865,เฮดแอนด์โชว์เดอร์675มล./ขวด,0,0,7,2,1
459,4902430399425,แพนทีนครีมนวลโททัลแดมเมจแคร์165มล./ขวด,0,80,7,2,0
460,4902430399470,แพนทีนครีมนวลนูริชชายน์165มล./ขวด,0,80,7,2,1
461,4902430399562,รีจอยส์เเมเนจเจเบิลแบลค600มล./ขวด,0,0,7,2,1
462,4902430399647,รีจอยส์ แอนตี้แดนดรัฟ70มล./แพ็ค6ขวด,0,0,7,2,1
463,4902430399654,รีจอยส์ แอนตี้แดนดรัฟ70มล./ขวด,0,20,7,2,1
464,49024303999647,รีจอยส์ แอนตี้แดนดรัฟ70/แพ็ค6ขวด,0,0,7,2,1
465,4902430403108,รีจอยส์ แอนตี้แฮร์ฟอล70มล./ขวด,0,20,7,2,1
466,4902430403115,รีจอยส์ แอนตี้แฮร์ฟอล70มล./แพ็ค6ขวด,0,0,5,2,1
467,4902430407984,เฮดแอนด์โชว์เดอร์แอปเปิ้ลเฟรช180มล./ขวด,0,0,7,2,1
468,4902430408097,โอเลย์ อินสแตนท์โกลว์วิ่งแฟร์เนสครีม7.5กรัม/ซอง,0,15,7,2,1
469,4902430408417,โอเลย์ อินสแตนท์โกลว์วิ่งแฟร์เนสครีม7.5กรัม/กล่อง6ซอง,0,75,7,2,1
470,4902430411783,เฮดแอนด์โชว์เดอร์ครีมนวลคุลเมนทอล170มล./ขวด,0,80,7,2,1
471,4902430413152,แพนทีน ซิลกี้สมูทแคร์70มล./ขวด,0,20,7,2,1
472,4902430413169,เเพนทีน ซิลกี้สมูทแคร์70มล./แพ็ค6ขวด,0,0,7,2,1
473,4902430413237,แพนทีน เอ็กซ์ตร้ามอยซ์เจอไรซิ่ง70มล./ขวด,0,20,7,2,1
474,4902430413244,แพนทีน เอ็กซ์ตร้ามอยซ์เจอไรซิ่ง70มล./แพ็ค6ขวด,0,0,7,2,1
475,4902430413251,แพนทีน นูริชชายน์70มล./ขวด,0,20,7,2,1
476,4902430413268,แพนทีน นูริชชายน์70มล./แพ็ค6ขวด,0,0,7,2,1
477,4902430413718,แพนทีนครีมนวลโททัลแดมเมจแคร์70มล./ขวด,0,20,7,2,1
478,4902430413725,แพนทีนครีมนวลแอร์ฟอลคอนโทรล70มล./ขวด,0,20,7,2,1
479,4902430413794,แพนทีน โททัลแดมเมจแคร์70มล./ขวด,0,20,7,2,1
480,4902430413800,แพนทีน โททัลแดมเมจแคร์70มล./แพ็ค6ขวด,0,0,7,2,1
481,4902430414418,เฮดแอนด์โชว์เดอร์คูลเมนทอล70มล./ขวด,0,29,7,2,1
482,4902430414425,เฮดแอนด์โชว์เดอร์คูลเมนทอล70มล./แพ็ค6ขวด,0,0,7,2,1
483,4902430419017,แพนทีน ลองแบลค70มล./ขวด,0,20,7,2,1
484,4902430428323,รีจอยส์แอนตี้แดนดรัฟ170มล./ขวด,0,0,7,2,1
485,4902430428330,ครีมนวล รีจอยส์170มล./ขวด,0,0,7,2,1
486,4902430428347,รีจอยส์ครีมนวดแมเนจเจเบิลแบลค170มล./ขวด,0,0,7,2,1
487,4902430428422,รีจอยส์แมเนจเจเบิลแบลค170มล./ขวด,0,0,7,2,1
488,4902430430845,เฮดแอนด์โชว์เดอร์ดรายสคาล์พแคร์70มล./ขวด,0,0,7,2,1
489,4902430430852,เฮดแอนด์โชว์เดอร์ดรายสคาล์พแคร์70มล./แพ็ค6ขวด,0,0,7,2,1
490,4902430430869,เฮดแอนด์โชว์เดอร์ฟอร์เมนแฮร์รีเทน70มล./ขวด,0,29,7,2,1
491,4902430430876,เฮดแอนด์โชว์เดอร์ฟอร์เมนแฮร์รีเทน70มล./แพ็ค6ขวด,0,0,7,2,1
492,4902430430883,เฮดแอนด์โชว์เดอร์สมูทแอนด์ซิลกี้70มล./ขวด,0,29,7,2,1
493,4902430430890,เฮดแอนด์โชว์เดอร์สมูทแอนด์ซิลกี้70มล./แพ็ค6ขวด,0,0,7,2,1
494,4902430430975,เฮดแอนด์โชว์เดอร์สูตรนุ่มสลวยเป็นเงางาม170มล./ขวด,0,80,7,2,1
495,4902430430982,เฮดแอนด์โชว์เดอร์ครีมนวลแอนตี้-แอนตี้170มล./ขวด,0,80,7,2,1
496,4902430431019,เฮดแอนด์โชว์เดอร์อิชชี่สคาล์พแคร์70มล./ขวด,0,29,7,2,1
497,4902430431026,เฮดแอนด์โชว์เดอร์อิชชี่สคาล์พแคร์70มล./แพ็ค6ขวด,0,0,7,2,1
498,4902430431170,เฮดแอนด์โชว์เดอร์ครีมนวลลูตรศีรษะแห้ง170มล./ขวด,0,80,7,2,1
499,4902430432313,รีจอยส์ ซอฟแอนด์สมูท70มล./ขวด,0,20,7,2,1
500,490243043268,แพนที  นูริชชายน์70มล./แพ็ค6ขวด,0,0,7,2,0
501,4902430441704,แพนทีนเขียว 2.-,0,100,99,2,1
502,4902430441711,แพนทีน ชมู2.-,0,100,99,2,1
503,4902430450621,แพนทีน แฮร์ฟอล คอนนโทรล140มล./ขวด,0,0,7,2,1
504,4902430452830,ดาวน์นี่ สีน้ำเงิน/ถุง,0,0,6,2,1
505,4902430459679,รีจอยส์ ซอฟท์แอนด์สมูท70มล/แพ็ค6ขวด,0,0,7,2,1
506,4902430461313,โอเลย์ไททัลเอ็ฟเฟ็คส์แอนตี้8กรัม/กล่อง,0,0,7,2,1
507,4902430468497,เฮดแอนโชเดอร์เขียว2.-,0,100,99,2,1
508,4902430486033,รีจ้อยส้ม2.- พ,0,100,99,2,1
509,4902430532808,รีจ้อย เหลือง2.-,0,100,99,2,1
510,4902430554145,แพนทีนสีทอง 2.-,0,100,99,2,1
511,4902430935333,เฮดแอนด์โชว์เดอร์ คูลเมนทอล5มล./ซอง,0,2,7,2,1
512,4902430999168,โอเลย์ โททัลไวท์สปอตไลท์เทนนิ่งครีม10กรัม/กล่อง6ซอง,0,60,5,2,1
513,5000394026568,ถ่านไฟฉาย DURACELL /แพ็ค2ก้อน,0,45,6,2,1
514,58850309013129,ลูกอมเอ็กซ์.โอ. รสกาแฟ/หีบ,0,0,7,2,1
515,58850309013228,ลูกอมเอ็กซ์-โอ รสคาราเมล/หีบ,0,0,7,2,1
516,58850309013525,ลูกอมเอ็กซ์.โอ.รสชามะนาว/หีบ,0,0,7,2,1
517,58850309140245,ลูกอมเอ็กซ์-ไซด์ กลิ่นส้ม/หีบ,0,0,7,2,1
518,58850309140337,ลูกอมลัช รสช็อกโกแลต/หีบ,0,0,7,2,1
519,58850412372397,เอฟเอฟต้มยำกุ้งมะนาว/หีบ 6 กล่อง,0,780,5,2,1
520,58850412372502,ขนมอบกรอบ รสพริกหยวก/หีบ,0,0,7,2,1
521,58850412372519,ขนมอบกรอบ รสมะเขือเทศ/หีบ,0,0,7,2,1
522,58851954101018,ซีอิ๊วถ้วเหลือง 100มล./หีบ,0,0,7,2,1
523,58851954101216,ซอสถั่วเหลือง/หีบ,0,388,99,2,1
524,68851929006291,สบู่พฤกษา นกแก้วสีเขียว60กรัม/หีบ,0,0,6,2,1
525,68852116801705,สาหร่ายทะเลซีลีโก็ะ/หีบ,0,0,7,2,1
526,6905772200471,หมากฝรั่งเจลี่ผลไม้/กระปุก48ซอง,0,40,-6,2,1
527,6905772200501,โลลิป๊อบ รสต่างๆ/แพ็ค,19,20,197,2,1
528,6921612782754,ออมยิ้มรส3.-,0,75,98,2,1
529,6922047498920,ลูกอม2012/กระปุก200เม็ค,0,80,7,2,1
530,6922518610257,หมากฝรั่งปีสองปีผลไม้/กระปุก200เม็ด,0,80,-3,2,1
531,6927028311212,สาหร่ายเกรอ A/ห่อ,0,70,7,2,1
532,6928626360091,เมาจิกรสดั้งเดิม/ห่อ24ซอง,0,40,4,2,0
533,6930660009591,แปรงสีฟัน Bru5hme Pearl/ด้าม,0,0,7,2,1
534,6930660101912,แปรงสีฟัน Bru5hme Plus/ด้าม,0,0,-37,2,1
535,6930660102926,แปรงสีฟัน Bru5hme kids/ด้าม,0,0,7,2,1
536,6930660301831,แปรงสีฟัน ACTVE-Soft/อัน,0,0,7,2,1
537,69551062402219,Mister โปเต้โต้/หีบ,0,0,7,2,1
538,7612100053812,โอวัลตินรสช็อกโกแลต/แพ็ค4กล่อง,0,43,-7,2,1
539,7612100060353,โอวัลตินอัดเม็ดซ็อกโกแลต/ห่อ 24 ซอง,0,100,-15,2,1
540,7612100061411,โอวัลติน3อิน1 20กรัม/ซอง,0,5,6,2,1
541,7612100061428,โอวัลติน3อิน1 /ห่อ24ซอง,0,100,-18,2,1
542,7640129890101,สบู่อาเซปโซ 80กรัม/ก้อน,0,0,7,2,1
543,7640129890118,สบู่อาเซปโซ 80กรัม/แพ็ค12ก้อน,0,185,7,2,1
544,7640129892662,สบู่อาเซปโซ สูตรอ่อนโยน80กรัม/แพ็ค3ก้อน,0,185,7,2,1
545,7640142770237,สบู่อาเซปโซ สูตรไฮจินิคเฟรช80กรัม/ก้อน,0,0,7,2,1
546,7640142770244,สบู่อาเซปโซ สูตรไฮจินิคเฟรช80กรัม/แพ็ค4ก้อน,0,0,5,2,1
547,7885013201011,สามแม่ครัว/หีบ,0,0,7,2,1
548,78850153201011,ปลากระป่องสามแม่ครัวฝาเรียบ/หีบ 10 แพ็ค ,0,1280,-19,2,1
549,788502050107902,ยำยำจับโบ้ รสต้มยำพริกเผาแห้ง/กล่อง,0,148,-13,2,1
550,78850250108121,ยำยำ3บาทข้าวโพด/หีบ,0,890,95,2,1
551,794504128307,ดู๊ปปี้ดริ๊งค์/ขวด,0,15,7,2,1
552,85098701298,มาม่ากุ้ง/กล่อง 30 ซอง,0,150,93,2,1
553,852197110107,ยาหม่อง ตราถ้วยทอง4กรัม/แพ็ค,0,0,7,2,1
554,880157101448,เจเล่ไลท์เฟรชชี่ ผลไม้รวม840กรัม/แพ็ค,0,0,7,2,1
555,880209132840,หมวดฝรั่งคิด คิด 5บาท/กล่อง,0,0,7,2,1
556,880987364044,โฮมมี่กลิ่นมะพร้าว/ห่อ6ซอง,0,50,7,2,1
557,8850002001022,"เปาไวท์ นาโน เทค 3,000 กรัม/ถุง",0,155,7,2,1
558,8850002001060,เปาไวท์ศสูตรนาโนเทค450กรัม/ถุง,0,35,5,2,1
559,8850002001121,"เปาคัลเลอร์ นาโน เทค 3,000กรัม/ถุง",0,155,7,2,1
560,8850002001510,"โปรพลังบลู พลัส3,300กรัม/ถุง",0,155,-30,2,1
561,8850002008670,โดโคโม ชนิดเจลสตรอเบอร์รี่ 40กรัม/หลอด,0,0,7,2,1
562,8850002010116,ไลปอนเอฟ/ขวด,0,10,7,2,1
563,8850002010123,ไลปอนเอฟ 25.-,23,25,200,3,1
564,8850002010130,ไลปอนเอฟ 35.-,33,35,100,2,1
565,8850002012172,ไฮคลาส สีชมพู650มล./ถุง,0,0,3,2,1
566,8850002012196,ไฮคลาส สีส้ม650มล./ถุง,0,15,-8,2,1
567,8850002012264,คิวลีน180มล. ดำ,0,55,99,2,1
568,8850002012271,คิวลีนสูตรเพิ่มประสิทธิภาพ80มล./ขวด,0,20,7,2,1
569,8850002012318,คิวลีน180มล. ส้ม,0,55,99,2,1
570,8850002012325,คิวลีนสูตรปกป้องฟื้นฟูผมเสีย80มล./ขวด,0,20,7,2,1
571,8850002012509,ไลปอนกลิ่นชามะนาว/ถุง,0,0,5,2,1
572,8850002013759,ไฮ เฮิร์บ เฟรช อัพ40กรัม/แพ็ค 12 หลอด,0,0,7,2,1
573,8850002013766,ไฮ เฮิร์บ เฟรช อัพ 40กรัม/หลอด,0,0,7,2,1
574,8850002013971,สบู่ฟลอเร่ สูตรไพเพอร์เบเทิล80กรัม/ก้อน,0,0,7,2,1
575,8850002013988,สบู่ฟลอเร่ สูตรไพเพอร์เบเทิล80กรัม/แพ็ค4ก้อน,0,35,99,2,1
576,8850002013995,สบู่ฟลอเร่ สูตรน้ำมันมะกอก80กรัม/ก้อน,0,0,5,2,1
577,8850002014008,สบู่ฟลอเร่ สูตรน้ำมันมะกอก80กรัม/แพ็ค4ก้อน,0,35,99,2,1
578,8850002014015,สบู่ฟลอเร่ สูตรว่านหางจระเข้80กรัม/ก้อน,0,0,7,2,1
579,8850002014022,สบู่ฟลอเร่ สูตรว่านหางจระเข้80กรัม/แพ็ค4ก้อน,0,35,99,2,1
580,8850002014039,สบู่ฟลอเร่ สูตรขมิ้น80กรัม/ก้อน,0,0,7,2,1
581,8850002014046,สบู่ฟลอเร่ สูตรขมิ้น80กรัม/แพ็ค4ก้อน,0,35,99,2,1
582,8850002015203,โคโดโม สตรอเบอร์รี่ /หลอด,0,0,7,2,1
583,8850002015210,โคโดโม สตรอเบอร์รี่/แพ็ค 6 หลอด,0,0,7,2,1
584,8850002015227,ยาสีฟันโดโคโม ส้ม40กรัม/หลอด,0,0,7,2,1
585,8850002015234,ยาสีฟันโคโดโม ส้ม/แพ็ค6หลอด,0,0,7,2,1
586,8850002015982,โดโคโม สตรอเบอร์รี่ 40กรัม/แพ็ค6หลอด,0,0,7,2,1
587,8850002016491,คิวลีนสูตรเย็นสดชื่น80มล./ขวด,0,0,7,2,1
588,8850002016514,คิวลีน180มล. น้ำเงิน,0,55,99,2,1
589,8850002016736,สบู่ฟลอเร่ สูตรขมิ้น80กรัม/ก้อน,0,0,7,2,1
590,8850002016743,สบู่ฟลอเร่ สูตรแก่มจันทร์80กรัม/แพ็ค4ก้อน,0,35,99,2,1
591,8850002016804,ไฮคลาส สีฟ้า650มล./ถุง,0,15,7,2,1
592,8850002016934,โคโดโมเฮดทูโท100มล./ขวด,0,0,7,2,1
593,8850002016941,โคโดโมเฮดทูโท100มล./แพ็ค6ขวด,0,0,7,2,1
594,8850002016958,ครีมอาบน้ำโคโดโม 200 มล./ขวด,0,58,99,2,1
595,8850002017405,คิวลีนสูตรปกป้องฟื้นฟูผมเสีย80มล./แพ็ค6ขวด,0,0,7,2,1
596,8850002017412,คิวลีนสูตรเพิ่มประสิทธิภาพ80มล./แพ็ค6ขวด,0,0,7,2,1
597,8850002017429,คิลลีนสูตรเย็นสดชื่น80มล./แพ็ค6ขวด,0,0,7,2,1
598,8850002017467,ไฮคลาสสีม่วง/ถุง,0,15,7,2,1
599,8850002019300,คิวลีน180มล. ม่วง,0,55,99,2,1
600,8850002019324,คิวลีนสูตรบำรุง80มล./ขวด,0,20,7,2,1
601,8850002019331,คิวลีนสูตรบำรุงพิเศษ80มล./แพ็ค6ขวด,0,0,7,2,1
602,8850002022225,พลัง3แจ๋ว1000กรัม/ถุง,0,0,5,2,1
603,8850002022232,"พลัง3แจ๋ว3,500 กรัม/ถุง",0,145,2,2,1
604,8850002022775,เปา ซอฟท์นาโนเทค/ห่อ 12 ถุง,0,85,7,2,1
605,8850002022799,เปาซอฟท์มาโนเทค60กรัม/ห่อ12ซอง,0,50,0,2,1
606,8850002022805,พลัง3เเจ๋ว350กรัม/ถุง,0,20,4,2,1
607,8850002022867,ไฮคลาส กลิ่นฮานาพิงค์เก้สีชมพู/ถุง,0,15,7,2,1
608,8850002022904,เปาไวท์/ห่อ12ถุง,0,85,5,2,1
609,8850002022928,เปา คัลเลอร์/ห่อ12 ซอง,0,85,7,2,1
610,8850002022942,เปาไวท์นาโนเทค60กรัม/ห่อ12ซอง,0,50,5,2,1
611,8850002022966,เปาคัลเลอร์มาโนเทค60กรัม/ห่อ12ซอง,0,50,-8,2,1
612,8850002023772,คิวลีน180มล. น้ำเงิน,0,155,99,2,1
613,8850002023789,คิวลีน180มล. ส้ม,0,155,99,2,1
614,8850002023796,คิวลีน180มล. ดำ,0,155,99,2,1
615,8850002023802,คิวลีน180มล. ม่วง,0,155,99,2,1
616,8850002025554,น้ำยาปรับผ้านุ่มไฮคลาสชนิดซอง24มล./แพ็ค24ถุง,0,48,-4,2,1
617,8850002025578,น้ำยาปรับผ้านุ่มไฮคลาสชนิดซอง24มล./แพ็ค24ถุง,0,48,5,2,1
618,8850002851665,โชโกบุซึส ขาวปั้มชมพู,0,150,99,2,1
619,8850002901087,ไลปอนเอฟ 25.-,120,125,49,3,1
620,8850002901209,ไลปอนเอฟ 35.-,88,90,100,2,1
621,8850002905917,ไลปอนเอฟ/แพ็ค6ขวด,0,55,-3,2,1
622,8850002907737,ไลปอนกลิ่นชามะนาว/ห่อ 3ถุง,0,0,7,2,1
623,88500062330168,คอลเกตป้องกันฟันผุ 100 กรัม/หลอด,0,0,-4,2,1
624,8850006274019,คอลเกต ป้องกันฟันผุ 40กรัม/หลอด,0,0,5,2,1
625,8850006325612,คอลเกต โททอล40กรัม/หลอด,0,19,7,2,1
626,8850006534311,Protex ชมพู,0,55,99,2,1
627,8850006534359,Protex ขาว,0,55,99,2,1
628,8850006534380,สบู่แคร์ 4ก. ฟ้า,0,50,99,2,1
629,8850006534397,สบู่แคร์ 4.ก ชมพู,0,50,99,2,1
630,8850006574089,แป้งแคร์คลาสสิค65กรัม/ขวด,0,0,7,2,1
631,8850006584019,แป้งแคร์พิงค์ซอฟท์50กรัม/ขวด,0,0,7,2,1
632,8850006714096,อาบน้ำเด็กแคร์,0,28,99,2,1
633,8850006910894,อาบน้ำเด็แคร์ พ.6,0,150,99,2,1
634,8850006911464,คอลเกตป้องกันฟันผุ 100กรัม/แพ็ค 12 กล่อง,0,0,-1,2,1
635,8850006911570,คอลเกต ป้องกัน 40กรัม/แพ็ค 12 หลอด,0,0,6,2,1
636,8850006911662,แปรงสีฟันคอลเกต 10.-,0,98,99,2,1
637,8850006914632,แป้งแคร์คลาสสิค50กรัม/แพ็ค12ขวด,0,0,7,2,1
638,8850006914649,แป้งแคร์พิงค์ซอฟท์50กรัม/แพ็ค12ขวด,0,0,7,2,1
639,8850006923634,แป้งเด้กคลาสสิค65กรัม/แพ็ค12ขวด,0,0,7,2,1
640,8850007010074,แป้งเด็กจอห์นสันคลาลลิค50กรัม/ขวด,0,0,7,2,1
641,8850007010104,แป้งเด็กจอห์นสันคลาสสิค/ขวด,0,0,7,2,1
642,8850007010241,แป้งเด็กจอห์นสันบลอสชั่ม50กรัม/ขวด,0,12,99,2,1
643,8850007010319,แป้งเด็กจอห์นสันบลอสชั่ม50กรัม/แพ็ค12ขวด,0,120,99,2,1
644,8850007010715,แป้งเด็กจอห์นสันคลาสสิค450กรัม/แพ็คใหญ่,0,0,6,2,1
645,8850007010722,แป็งเด็กจอห์นสันบลอสซั่ม450กรัม/แพ็ค,0,0,6,2,1
646,8850007020240,สบู่เด็ก จอห์นสันเบบี้75กรัม/ก้อน,0,0,7,2,1
647,8850007020257,สบู่เด็ก จอห์นสันเบบี้75กรัม/แพ็ค4ก้อน,0,50,99,2,1
648,8850007020462,สบู่เด็ก จอห์นสันเบบี้75กรัม/ก้อน,0,0,7,2,1
649,8850007020486,สบู่เด็ก จอห์นสันเบบี้บลอสชั่ม75กรัม/แพ็ค4ก้อน,0,50,99,2,1
650,8850007031109,จอห์นสันเบบี้50มล./ขวด,0,0,7,2,1
651,8850007070191,จอรสันต์กระปุกฟ้า,0,410,99,2,1
652,8850007170358,แป้งหมอเย็น ชาวเวอร์50กรัม/ขวด,0,0,7,2,1
653,8850007330752,แคร์ฟรีซุปเปอร์ดราย/ห่อ,0,15,7,2,1
654,8850007331032,แคร์ฟรีซุปเปอร์ดราย/แพก12ห่อ,0,155,7,2,1
655,8850007371755,โมเดสซีเคียว10บาท/ห่อ,0,10,7,2,1
656,8850007371762,โมเดสซีเคียว10บาท/แพก12ห่อ,0,100,1,2,1
657,8850007372028,โมเดสคอตตอนนี่/ห่อ,0,10,5,2,1
658,8850007830528,โลชั่นจอห์นสัน ฟรีแป้ง/แพ็ค3ชิ้น,0,0,7,2,1
659,8850024100758,แป้งนิวบอร์น150กรัม/ขวด,0,60,7,2,1
660,8850035310122,ปลากระป๋องนกพิราบเหลืองฝาเรียบ/กระป๋อง,0,10,7,2,1
661,8850035310139,ปลากระป๋องนกพิราบเหลืองฝาดึง /กระป๋อง,0,12,-12,2,1
662,8850035810127,ปลากระป๋องนกพิราบเหลืองฝาเรียบ/แพ็ค 10 กระป๋อง,0,100,3,2,1
663,8850038100027,น้ำซอสปรุงอาหาร ฉลากทอง 300 ซม./ขวด,0,15,7,2,1
664,8850038400011,ซอสหอยนางรม ตราแม่ครัว 150 ซม/ขวด,0,23,7,2,1
665,8850038400028,ซอสหอยนางรมตราแม่ครัว300/ขวด,0,0,4,2,1
666,8850038400035,ซอสหอยนางรมตราแม่ครัว 600 ซม/ขวด,0,43,7,2,1
667,8850069010074,เกลือปรุงทิพย์1kg/ถุง,0,10,7,2,1
668,8850086136252,โอวัลติน 3 อิน 1 33กรัม/ห่อ20ซอง,0,125,3,2,1
669,885009140066,ลูกอมลัชรสช็อกโกแลต/กระปุก200เม็ด,0,80,7,2,1
670,8850092094034,วิซโนดัสต์/ขวด,0,38,7,2,1
671,8850092122041,วิซชิลด์เทค/ขวด,0,48,7,2,1
672,8850092213060,ไฮยีนสำหรับผ้าสีและผ้าขาว/ขวด,0,20,7,2,1
673,8850092222512,ไฮยีนรีดผ้าเรียบ/ถุง,0,0,6,2,1
674,8850092224516,ไฮยีนชนิดเติม 600มล./ถุง,0,0,7,2,1
675,8850092280109,ไฮยีนสีขาว22มล./แพ็ค24ซอง,0,63,7,2,1
676,8850092283100,ไฮยีนสีฟ้า22มล/แพ็ค24ซอง,0,63,7,2,1
677,8850092810245,น้ำเก๊กฮวย ผสม หล่อฮ้งก๊วย ตราไอวี่/ขวด,0,20,7,2,1
678,8850092812508,น้ำเก๊กฮวย ผสม น้ำผึ้ง ตราไอวี่/ขวด,0,20,7,2,1
679,8850092822507,น้ำมะขาม ตราไอวี/ขวด,0,20,2,2,1
680,8850094207012,แชมพูเด็กน่ารัก5มล./แพ็ค12โหล,0,110,99,2,1
681,8850094307019,แชมพูเทียร่ามะลิ/แพ็ค,0,110,99,2,1
682,8850100002389,หมี่ไวไว 12ซ,0,120,98,2,1
683,8850100003409,ควิกคัพรสต้มยำมันกุ้ง/กระปุก,0,15,7,2,1
684,8850100003447,ควิกคัพรสต้มยำมันกุ้ง/แพก6กระปุก,0,70,7,2,1
685,8850100003713,ไวไวควิกกุ้งนึ่งมะนาว/ซอง,0,6,7,2,1
686,8850100003720,ไวไวควิกกุ้งนึ่งมะนาว/กล่อง 30 ซอง,0,148,2,2,1
687,8850100101075,ไวไวควิกต้มยำกุ้ง/ซอง,0,6,7,2,1
688,8850100107060,ควิกคัพรสต้มยำกุ้ง/กระปุก,0,15,7,2,1
689,8850100107619,ควิกคัพรสต้มยำกุ้ง/แพก6กระปุก,0,70,7,2,1
690,8850100120311,ไวไวควิกต้มยำกุ้ง/กล่อง 30 ซอง,0,148,-3,2,1
691,8850100121011,ไวไวควิกต้มโคล้ง/ซอง,0,6,7,2,1
692,8850100126030,ไวไว รสหมูสับต้มยำ/กล่อง,0,145,1,2,1
693,8850100128065,ควิกคัพรสหมูสับต้มยำ/แพก6กระปุก,0,70,7,2,1
694,8850100128362,ควิกคัพรสหมูสับต้มยำ/กระปุก,0,15,7,2,1
695,8850100160119,ไวไวเส้นหมี่ปรุงรส/กล่อง30ซอง,0,148,7,2,1
696,88501001602218,ไวไวเส้นหมี่หมูสับ/กล่อง 30 ซอง,0,148,7,2,1
697,8850100205032,ไวไวเส้นหมี่ปรุงรส/ซอง,0,6,7,2,1
698,8850100205049,ไวไวเส้นหมี่หมูสับ/ซอง,0,6,7,2,3
699,8850114340439,แปรงสีฟันไบโอ 6ช.,0,100,99,9,1
700,88501157550130,เมจิกฟาร์ม น้ำเฉาก๊วย/แพ็ค,0,0,7,2,1
701,8850124012869,เนสกาแฟ3อิน1เอสเปรสโว โรสต์/ซอง,0,5,7,2,1
702,8850124022981,เนสกาเเฟเรคคัพ 100กรัม/ถุง,0,65,7,2,1
703,8850124023681,เนสกาแฟขวด100กรับ/ขวด50ถ้วย,75,78,7,2,1
704,8850124025227,ไมโลรสช็อกโกแลต/แพ็ค4กล่อง,0,43,7,2,1
705,8850124033055,คอฟฟีครีมเมอร์ 200กรัม/ถุง,0,32,5,2,1
706,8850124034519,เนสกาแฟ3อิน1ริช อโรมา/ซอง,0,5,5,2,1
707,8850124075901,เนสท์เล่คอฟฟีเมต 100กรัม/ถุง,0,17,7,2,1
708,8850124075918,เนสท์เล่ คอฟฟีเมต100กรัม/หีบ,0,0,7,2,1
709,8850124075987,ครีมาท็อป 500 กรัม/ห่อ,0,54,7,2,1
710,8850124083081,เนสกาแฟ 3in1แดง/ห่อ 60 ซอง,0,195,-17,2,1
711,8850124083111,เนสกาแฟ3in1เขียว/ห่อ60ซอง,0,195,3,2,1
712,8850124090362,เนสกาแฟ3in1/ห่อ80ซอง,250,255,0,2,1
713,8850124092823,แม็กกี้ 200 มล./ขวด,0,17,7,2,1
714,8850127002690,เนสท์เล่ กาแฟเรดคัพ/ซอง,0,0,7,2,1
715,8850127003116,เนสท์เล่ คอฟฟีเมต/แพ็ค,0,180,7,2,1
716,8850127003499,เนสวิต้า รสดั้งเดิม/ซอง,0,5,7,2,1
717,8850127003901,เนสท์เล่ คอฟฟีเมต/ซอง,0,10,99,2,1
718,8850127004397,เนสกาแฟทรีอินวันเอส ริชอโรมา/ห่อเเดง 27 ซอง,0,95,3,2,1
719,8850127004410,เนสกาแฟทรีอินวัน เอสเปอรโซ โรสต์ /ห่อเขียว 27ซอง,0,95,7,2,1
720,8850127004571,ไมโลแอคทิฟ-บี/ห่อ 24 ซอง,0,100,-6,2,1
721,8850127006780,เนสที ชามิกซ์เบอร์รี/แพ็ค,0,0,7,2,1
722,8850127006797,เนสที ชารสมิกซ์เบอร์รี่ปรุงสำเร็จ/ห่อ 24 ซอง,0,100,7,2,1
723,8850127007237,เนสที ชารสเลมอน/ห่อ 24ซอง,0,100,7,2,1
724,8850127007657,อิ่มดี22.5กรัม/ซอง,0,5,7,2,1
725,8850127007664,คาร์เนชันอิ่มดี/ถุง 24 ซอง,0,90,99,2,1
726,8850127009330,ไมโลแอคทิฟ-บี 35กรัม/ห่อ 17 ซอง,0,120,6,2,1
727,8850127010213,ไมโลแอคทิฟ-บี 300กรัม/ถุง,0,65,7,2,1
728,8850127044003,ไมโล35กรัม/ซอง,0,5,7,2,1
729,885012800067,เนสกาเเฟเรดคัพ 200กรัม/ถุง,0,120,7,2,1
730,885012803009,เนสกาแฟขวด200กรับ/ขวด50ถ้วย,125,140,7,2,1
731,8850128030111,เนสกาเเฟเรคคัพ 24กรัม/ถุง,0,30,7,2,1
732,8850144058199,คนอร์ ต้มยำก้อน 24 กรัม/โหล 24 กล่อง,0,110,6,2,1
733,8850144059165,คนอร์ ต้มยำก้อน72กรัม/โหล 6 กล่อง,0,108,7,2,1
734,8850144074014,แป้งข้าวโพค200กรัม/ถุง,0,18,7,2,1
735,8850144102021,ผงฟูเบลท์ฟู้ดส์/ซอง,0,7,7,2,1
736,8850144200543,แป้งทอดกรอบ120กรัม/ห่อ12ซอง,0,150,7,2,1
737,8850144200550,แป้งทอดกรอบ120กรัม/ซอง,0,15,7,2,1
738,8850144201809,คนอร์ผงรสไก่450กรัม/ถุง,0,55,1,2,1
739,8850144206361,คนอร์ ซุปรสไก่ก้อน 20 กรัม/โหล 24 กล่อง,0,0,6,2,1
740,8850144206446,คนอร์ ซุปรสไก่ก้อน 40กรัม/โหล12กล่อง,0,0,7,2,1
741,8850144206460,คนอร์ ซุปรสหมูก้อน40กรัม/โหล 12กล่อง,0,0,5,2,1
742,8850144206545,คอนไก่20.-,0,108,99,2,1
743,8850144208105,โจ๊กหมู12.-/ห่อ12ซอง,115,120,5,2,1
744,8850144208426,คนอร์อร่อยชัวร์20กรัม/ห่อ24ซอง,0,80,6,2,1
745,8850144208433,คนอร์อร่อยชัวร์20กรัม/ซอง,0,4,7,2,1
746,8850144208464,คนอร์อร่อยชัวร์170กรัม/ห่อ6ซอง,0,0,7,2,1
747,8850144208471,คนอร์อร่อยชัวร์170กรัม/ซอง,0,23,7,2,1
748,8850144208488,คนอร์อร่อยชัวร์450กรัม/ถุง,0,55,7,2,1
749,8850144208808,คนอร์คัพโจ๊กรสกุ้ง/ห่อ 4ซอง,0,45,7,2,1
750,8850144211013,ลิปตันไอซ์ที/ซอง,0,7,7,2,1
751,8850144211037,ลิปตันไอซ์ที /ห่อ,0,120,7,2,1
752,8850144211709,คนอร์อร่อยชัวร์ ไก่ 17กรัม/ห่อ24ซอง,0,0,7,2,1
753,8850144214014,คนอร์คัพโจ๊กรสหมูผสมสาหร่าย/แพ็ค3ถ้วย,0,45,7,2,1
754,8850144214045,คนอร์คัพโจ๊กรสหมูผสมสาหร่าย35กรัม/ห่อ12ซอง,0,120,7,2,1
755,8850144214052,คนอร์คัพโจ๊กรสไก่ผสมข้าวโพด/แพ็ค3ถ้วย,0,45,6,2,1
756,8850144215066,คนอร์อร่อยชัวร์80กรัม/ซอง,0,0,7,2,1
757,8850144215080,คนอร์อร่อยชัวร์80กรัม/ห่อ6ซอง,0,0,7,2,1
758,8850144215769,โจ๊กปลา12.-/ห่อ12ซอง,115,120,6,2,1
759,88501444215066,คนอร์อร่อยชัวร์80กรัม/ซอง,0,10,7,2,1
760,8850144700012,ผงฟูเบสฟู้ดส์/ห่อ24ซอง,0,0,7,2,1
761,8850151961116,นมข้นมะลิ/กระป๋อง,0,25,7,2,1
762,8850153333096,ปลากระป๋องสามแม่ครัว ฝาดึง/กระป๋อง,0,16,7,2,1
763,8850157100120,เจเล่ไลท์ รสส้ม/ถาด6ถ้วย,0,25,-98,2,1
764,8850157101134,เจเล่ไลท์ รสลิ้นจี่/ถาด 6ถ้วย,0,25,99,2,1
765,8850157101189,เจเล่ไลท์ บุกผงน้ำลิ้นจี่/หีบ,0,0,3,2,1
766,8850157101318,เจเล่ไลท์ น้ำองุ่น/หีบ,0,0,7,2,1
767,8850157101400,jeleLight สตอ5.-,0,25,98,2,1
768,8850157101424,เจเล่ไลท์เฟรชชี่ น้ำบลูเบอร์รี่840กรัม/แพ็ค,0,0,7,2,1
769,8850157101431,เจเล่ไลท์ บุกผงน้ำตาลฟรุคโตสน้ำบลูเบอร์รี่/หีบ,0,0,-5,2,1
770,8850157101448,เจเล่ไลท์เฟรชชี่ ผลไม้รวม840กรัม/แพ็ค,0,25,99,2,1
771,8850157101455,เจเล่ไลท์ บุกผงน้ำตาลฟรุคโตสผลไม้รวม/หีบ,0,0,7,2,1
772,8850157101462,jele superส้ม5.-,0,25,98,2,1
773,8850157101523,เจเล่ไลท์ รสมิกซ์เบอรี่/ถาด6ถ้วย,0,25,99,2,1
774,8850157101530,เจเล่ไลท์ซูเปอร์ไลท์ รสมิกซ์เบอร์รี่/หีบ,0,0,7,2,1
775,8850157102100,เจเล่ บิวตี้คอลลาเจน/ถุง3ซอง,0,25,7,2,1
776,8850157102124,เจเล่บิวตี้วิตามิน/ถุง3ซอง,0,25,7,2,1
777,8850157102148,เจเล่บิวตี้แอลกสูต้าไรโอน/ถุง3ซอง,0,25,7,2,1
778,8850157102162,เจเล่บิวตี้โกจิเบอร์รี่/ถุง3ซอง,0,25,7,2,1
779,8850157102186,เจเล่บิวตี้แบล็คเคอร์แรนท์/ถุง3ซอง,0,25,7,2,1
780,8850157102247,เจเล่บิวตี้ไฟเบอร์/ถุง3ซอง,0,25,4,2,1
781,8850157102476,เจเล่ไลท์เฟรชชี่  องุ่น840กรัม/แพ็ค,0,0,7,2,1
782,8850157102483,เจเล่ไลท์ บุกผงน้ำผลไม้/หีบ,0,0,7,2,1
783,8850157102490,jeleLight มะม่วง5.-,0,25,99,2,1
784,8850157110365,ไดยาโมโตะ มุก/แพ็ค,0,0,2,2,1
785,8850157110587,ฮีโร่บอยส์ น้ำผลไม้/ถุง 35 ถ้วย,0,26,-21,2,1
786,8850157110693,ไดยาโมโตะ มุก/หีบ,0,0,-9,2,1
787,8850157110747,ไดยาปาร์ตี้แฟนซี/ถาด 6 ถ้วย,0,25,-38,2,1
788,8850157110754,ไดยาปาร์ตี้แฟนซี่/หีบ,0,0,7,2,1
789,8850157111157,ฮีโร่บอยส์ ผลไม้/หีบ,0,0,3,2,1
790,8850157111263,Hero boy box1.-,0,45,99,2,1
791,8850157130639,คูลลี่/หีบ,0,0,-2,2,1
792,8850157300117,YY รสนม,0,590,10,2,1
793,8850157400077,เบนโตะ ปลาหมึกอบทรงเครื่อง/ซอง,0,5,7,2,1
794,8850157400114,เบนโตะ ปลาหมึกอบทรงเครื่อง/แพ็ค,0,0,7,2,1
795,8850157400572,เบนโตะ /ซอง,0,0,7,2,1
796,8850157400596,เบนโตะ /แพ็ค,50,50,99,2,1
797,8850157400633,เบนโตะบาบีคิว 10.-,50,50,99,2,1
798,8850157400916,เบนโตะ10.-/แผง12+2ชิ้น,50,50,-10,2,1
799,8850157501385,ขนมจัมโบ้รสใบเตย/หีบ,0,0,5,2,1
800,8850157514040,ขนมจัมโบ้รสสตรอเบอร์รี่/หีบ,0,0,7,2,1
801,8850157514224,ขนมจัมโบ้รสนม/หีบ,0,0,-12.5,2,1
802,8850157550130,เมจิกฟาร์ม น้ำเฉาก๊วย/แพ็ค,0,0,7,2,1
803,8850157550147,เมจิกฟาร์มน้ำเฉาก๊วย/หีบ,0,0,7,2,1
804,8850157550161,เมจิก ฟาร์มน้ำมะพร้าว/ถาด6 ถ้วย,0,25,99,2,1
805,8850157550178,เมจิกฟาร์มน้ำมะพร้าวแท้วุ้นมะพร้าว5.-/หีบ,0,290,6,2,1
806,8850157550765,เมจิกฟาร์ม โอเลี้ยง/ถาด 6 ถ้วย,0,25,99,2,1
807,8850157550772,เมจิกฟาร์มโอเลี้ยงผสมเฉาก๊วย/หีบ,0,0,7,2,1
808,8850157550826,น้ำมะพร้าวเมจิ10.-/แพก6ขวด,50,50,3,2,1
809,8850157550833,เมจิมะพร้าว10.-/ลัง6แพก,288,290,5,2,1
810,8850169005017,สบู่อิมพีเรียล-แดง60กรัม/ก้อน,0,0,7,2,1
811,8850169005048,สบู่อิมพีเรียล-แดง60กรัม/แพ็ค4ก้อน,0,24,99,2,1
812,8850170000155,กรองทิพย์90แดง/กล่อง,0,0,7,2,1
813,8850170000476,WONDER  เขียว/กล่อง,0,448,6,2,1
814,8850170000483,WONDER  เขียว/กล่อง,0,45,7,2,1
815,8850170100152,กรองทิพย์90 แดง/แพ็ค 10กล่อง,0,0,7,2,1
816,8850170100473,WONDER  แดง /แพ็ค10กล่อง,0,448,7,2,1
817,8850170100480,WONDER  เขียว/แพ็ค10กล่อง,0,448,6,2,1
818,8850187001176,บะหมี่กึ่งสำเร็จรูปตราฉัตร /ห่อ,0,55,89,2,1
819,8850187003002,บะหมี่ก้อนฉัตร์,0,55,99,2,1
820,8850187100190,เส้นหมี่ตราฉัตร 170กรัม/ถุง,0,10,7,2,1
821,8850187123199,เส้นหมี่ตราฉัตร  170กรัม/ ห่อ 10 ถุง,0,98,99,2,1
822,8850188140201,นมข้นนกเหยี่ยว/กระป๋อง,0,22,4,2,1
823,8850188170208,นมจืดนกเหยี่ยว/กระป๋อง,0,0,6,2,1
824,8850188243100,โฟร์โมสต์ รสจืด/แพ็ค4 กล่อง,0,35,3,2,1
825,8850188243209,โฟร์โมสต์รสหวาน/แพ็ค4กล่อง,0,38,7,2,1
826,8850188253208,โฟร์โมสต์รสหวาน/แพ็ค6กล่อง,0,60,7,2,1
827,8850188253307,โฟร์โมสต์รสช้อกโกแลต/แพ็ค6กล่อง,0,60,7,2,1
828,8850188420204,โยโมสต์ รสส้ม/กล่อง,0,10,3,2,1
829,8850188421201,โฟร์โมสต์รสส้ม/แพ็ค4กล่อง,0,35,5,2,1
830,8850188421409,โฟร์โมสต์สตรอเบอร์รี่/แพ็ค 4กล่อง,0,35,7,2,1
831,8850188900935,โฟร์โมสต์โอเมก้าช็อกโโกแลต /แพ็ค4กล่อง,0,18,5,2,1
832,8850188900942,โฟร์โมสต์รสหวานกลิ่นวานิลลา/แพ็ค4กล่อง,0,18,5,2,1
833,8850199580072,นมเม็ดถาด1.- นม,0,25,96,2,1
834,8850199580089,นมเม็ดถาด1.- ซ็อก,0,25,99,2,1
835,8850199580096,นมเม็ดถาด1.- ชมพู,0,25,99,2,1
836,8850199580782,มิลโกะสติ๊ก3รส/แพ็ค,0,40,99,2,1
837,8850199580829,นมเม็ด 1.- พ.4พ,40,40,99,2,1
838,8850199580867,โคล่าเม็ด 1.- พ4พ,40,40,99,2,1
839,8850199581291,มิลโกะสติ๊ก1.- ช็อก,0,40,99,2,1
840,8850199581772,นมเม็ดถาด1.- คละสี,0,25,51,2,1
841,8850199586159,ช็อกหมี่1.-,47,50,98,2,1
842,8850203032450,โกโก้สติ๊กอมยิ้มรสโกโก้/ห่อ24ชิ้น,0,20,7,2,1
843,8850203228211,โดมิป๊อป ลูกอมรสผลไม้/หีบ,0,0,7,2,1
844,8850203928074,โดมิป๊อบ/แพ็ค,0,0,5,2,1
845,8850209015013,หมากฝรั่ง ตรานกแก้ว/กระปุก,0,80,-4,2,1
846,8850209021014,หมากฝรั่งคิดคิด/กระปุก100ซอง,0,80,7,2,1
847,8850209132819,หมากฝรั่งคิดคิดกลิ่นเปเปอร์มินต์/กล่อง12กล่อง,0,55,7,2,1
848,88502091328840,หมากฝรั่งคิดคิดกลิ่นสตรอเบอร์รี่และส้ม/กล่อง12กล่อง,0,55,5,2,1
849,8850209320797,หมากฝรั่งกลิ่นผลไม้ ตราโปโป/แพ็ค,0,0,3,2,1
850,8850210000039,น้ำมันองุน1ลิตร/ขวด,0,58,7,2,1
851,8850228000083,ทีโอเปล็กซ์-แอล/ขวด,0,10,7,2,1
852,8850228000106,กระทิงแดง/ขวด,0,10,7,2,1
853,8850228000281,กระทิงแดง เรดบูล เอ็กซ์ตร้า/ขวด,0,12,7,2,1
854,8850228000403,สปอนเซอร์/ขวด,0,10,6,2,1
855,8850228000830,เพียวริคุไวท์ที ชาขาว/ขวด,0,20,7,2,1
856,8850228000861,ซันสแนคผสมปลาพริก/กล่อง12ซอง,0,50,7,2,1
857,8850228000878,ซันสเเนครสรสบาร์บีคิว/กล่อง12ซอง,0,50,7,2,1
858,8850228001028,เพียวริคุไวท์ที เก๊กฮอยขาว/ขวด,0,20,7,2,1
859,8850228001318,เพียวริคุฟรุ๊ตไวท์ที มิกซ์เบอร์รี่/ขวด,0,20,7,2,1
860,8850228001523,ซันสแนครสโนริสสาหร่าย/กล่อง 12ซอง,0,50,7,2,1
861,8850228002025,แมนชั่ม/ขวด,0,20,7,2,1
862,8850228002247,ซันสแนคช็อกโกแลก/กล่อง12ซอง,0,50,7,2,1
863,8850228002315,ซันสแนครสเป้ดปักกิ่งพ่นไฟ/กล่อง12ซอง,0,50,7,2,1
864,8850228002360,เพียวริคุ น้ำผึ้งมะนาว/ขวด,0,10,7,2,1
865,8850228010020,ทีโอเปล็กซ์-แอล/หีบ,0,0,7,2,1
866,8850228010044,กระทิแดง/หีบ,0,0,7,2,1
867,8850228010082,สปอนเซอร์ออริจินัส/หีบ,0,0,-32,2,1
868,8850250000365,เบอร์ดี้ โรบัสต้า/กระป๋อง,0,13,6,2,1
869,8850250000730,ยำยำจัมโบ้รสหมูสับ/ซอง,0,6,7,2,1
870,8850250000761,ยำยำจัมโบ้ผัดขี้เมา/ซอง,0,6,7,2,1
871,8850250001362,รสดี ไก่ 20กรัม/ถุง,0,4,5,2,1
872,8850250001393,รสดีหมู20กรัม/ซอง,0,4,3,2,1
873,8850250001713,รสดีไก่ 80กรัม/ซอง,0,12,7,2,1
874,8850250001720,รสดีหมุ 80กรัม/ซอง,0,12,7,2,1
875,8850250001775,รสดีไก่ 170กรัม/ถุง,0,25,7,2,1
876,8850250001782,รสดี หมู170กรัม/ซอง,0,25,7,2,1
877,8850250002079,ยำยำจับโบ้ รสสุกี้/ซอง,0,6,7,2,1
878,8850250002215,รสดี ไก่450กรัม/ถุง,0,60,7,2,1
879,8850250002222,รสดีหมู หมู450กรัม/ซอง,0,60,7,2,1
880,8850250002864,ยำยำจับโบ้ต้มยำกุ้งน้ำข้น/ซอง,0,6,5,2,1
881,8850250002895,ยำยำจัมโบ้ต้มยำหมูสับ/ซอง,0,6,7,2,1
882,8850250002994,ยำยำจับโบ้ รสต้มยำกุ้ง/ซอง,0,6,7,2,1
883,8850250003809,เบอร์ดี้ครีม3in1,3.5,4,198,2,1
884,8850250004486,ยำยำจับโบ้ รสเย็นตาโฟต้มยำ/ซอง,0,6,7,2,1
885,8850250005834,ยำยำจัมโบ้ต้มแซบตำรับอีสาน/ซอง,0,6,1,2,1
886,8850250006329,ยำยำจัมโบ้ต้มยำทะเลหม้อไฟ/ซอง,0,6,7,2,1
887,8850250007340,อายิโนะโมะโต๊ะ250กรัม/ซอง,0,26,1,2,1
888,8850250007357,อายิโนะโมะโต๊ะ 500 กรัม /ซอง,0,48,7,2,1
889,8850250007364,อายิโนะโมะโต๊ะ 1 ก.ก/ถุง,0,90,7,2,1
890,8850250007425,เบอร์ดี้3อิน1 โรบัสต้า/ห่อ 27ซอง,0,85,-2,2,1
891,8850250007463,เบอร์ดี้ซูเปอร์ครีมมี /ห่อ 27ซอง,0,85,-32,2,1
892,8850250007487,เบอร์ดี้เอ็กซ์ตร้า3อิน1 สีแดง/หีบ,0,0,0,2,1
893,8850250007500,เบอร์ดี้เอ็กซ์ตร้า3อิน1 สีเขียว/หีบ,0,1450,7,2,1
894,8850250007524,ซูเปอร์ครีมมี3อิน1/หีบ,0,0,4,2,1
895,8850250007906,ยำยำจับโบ้ รสต้มยำพริกเผาแห้ง/ซอง,0,6,7,2,1
896,8850250011361,รสดี ไก่20กรัม/ห่อ22ซอง,0,0,3,2,1
897,8850250011392,รสดี หมู20กรัม/ห่อ22ซอง,0,0,-13,2,1
898,8850250011651,อายิโนะโมะโต๊ะ39กรัม/ห่อ30ซอง,0,135,-15,2,1
899,8850250011668,อายิโนะโมะโต๊ะ 85กรัม/ห่อ 20 ซอง,0,0,0,2,1
900,8850250011712,รสดี รสไก่ 80 กรัม/ห่อ12 ซอง,0,105,5,2,1
901,8850250011729,รสดีหมู80กรัม/แพ็ค10ซอง,0,0,-5,2,1
902,8850250012214,รสดี รสไก่ 450กรัม/ห่อ 5ซอง,0,0,7,2,1
903,8850250013785,รสดีไก่900กรัม/แพ็ค5ซอง,0,0,0,2,1
904,8850250013792,รสดีหมู900กรัม/แพ็ค 5ซอง,0,0,3,2,1
905,8850250016076,อายิโนะโมะโต๊ะ 9กรัม/ห่อ 5 แผง,0,0,6,2,1
906,8850250017356,อายิโนะโมะโต๊ะ 500 กรัม/ห่อ 10ซอง,0,0,5,2,1
907,8850250017363,อายิโนะโมะโต๊ะ 1ก.ก / ห่อ 5ซอง,0,0,6,2,1
908,8850250048121,ยำยำข้าวโพด3.-,0,15,94,2,1
909,8850250058120,ยำยำ3.-ข้าวโพด,0,150,99,2,1
910,885025007449,เบอร์ดี้เอ็กซ์ตร้าเขียว/ห่อ 27ซอง,0,85,6,2,1
911,8850250170730,ยำยำจัมโบ้รสหมูสับ/กล่อง30 ซอง,0,144,-11,2,1
912,8850250170761,ยำยำจัมโบ้ผัดขี้เมา/กล่อง 30 ซอง,0,144,7,2,1
913,8850250172079,ยำยำ รสสุกี้55กรัม/กล่อง,0,145,7,2,1
914,8850250172864,ยำยำจับโบ้ต้มยำกุ้งน้ำข้น/กล่อง 30 ซอง,0,144,4,2,1
915,8850250172895,ยำยำจัมโบ้ต้มยำหมูสับ/กล่อง 30 ซอง,0,144,7,2,1
916,8850250172994,ยำยำจับโบ้ รสต้มยำกุ้ง/กล่อง,0,148,-14,2,1
917,8850250174486,ยำยำจับโบ้ รสเย็นตาโฟต้มยำ/กล่อง,0,148,7,2,1
918,8850250175834,ยำยำจัมโบ้ต้มแซบตำรับอีสาน/กล่อง30ซอง,0,144,5,2,1
919,8850250176329,ยำยำจัมโบ้ต้มยำทะเลหม้อไฟ/กล่อง 30ซอง,0,144,7,2,1
920,8850250250777,รสดี รสไก่ 170กรัม/ห่อ 10ซอง,0,0,7,2,1
921,8850250250784,รสดี รสหมู 170กรัม/ห่อ 10ซอง,0,0,7,2,1
922,8850250370369,เบอร์ดี้ ไอซ์คอฟฟี/หีบ,0,0,6,2,1
923,8850267112129,แลคตาซอย รสหวานคลาสสิค300มล./กล่อง,0,10,2,2,1
924,8850267112136,แลคตาซอย รสช็อกโกแลต250มล./กล่อง,0,10,6,2,1
925,8850267112143,แลคตาซอย แคลเซียมสูง300มล./กล่อง,0,10,7,2,1
926,8850267112174,แลคตาซอย ผสมชาเขียว250มล./กล่อง,0,10,-3,2,1
927,8850267112181,แลคตาซอย วิตามินอีสูง250มล./กล่อง,0,10,7,2,1
928,8850267112228,แลคตาซอยคลาสสิค/กล่อง,0,15,7,2,1
929,8850267112235,แลคตาซอยช็อกโกแลต/กล่อง,0,15,7,2,1
930,8850267112624,แลคตาซอย รสหวานคลาสสิค125มล./กล่อง,0,5,-88,2,1
931,8850267112631,แลคตาซอย รสช็อกโกแลต125มล./กล่อง,0,5,7,2,1
932,8850267112648,แลคตาซอย แคลเซียมสูง125มล./กล่อง,0,5,7,2,1
933,8850267117131,แลคตาซอย รสช็อกโกแลต250มล./แพ็ค6กล่อง,0,0,5,2,1
934,8850267117179,แลคตาซอยชาเขียว/แพ็ค 6 กล่อง,0,48,7,2,1
935,8850267117186,แลคตาซอยคอลลาเจน/แพ็ค 6กล่อง,0,48,7,2,1
936,8850267117421,แลคตาซอย รสหวาน300มล/.แพ็ค6กล่อง,0,0,7,2,1
937,8850267117445,แลคตาซอย เจ/แพ็ค 6กล่อง,0,48,7,2,1
938,8850267117629,แลคตาซอยรสหวาน/แพ็ค6กล่อง,0,25,7,2,1
939,8850267117636,แลคตาซอย รสช็อกโกแลต125มล./แพ็ค6กล่อง,0,0,7,2,1
940,8850267117643,แลคตาซอย สูตรเจ-แคลเซียมสูง125มล./แพ็ค6กล่อง,0,0,7,2,1
941,8850267800002,แลคตาซอยงาดำ/แพ็ค6กล่อง,0,25,7,2,1
942,8850267800026,แลคตาซอบผสมงาดำ/แพ็ค6กล่อง,0,48,7,2,1
943,8850267900009,แลคตาซอย สูตรผสมงาดำ125มล./กล่อง,0,5,7,2,1
944,8850267900023,แลคตาซอย รสผสมงาดำ250มล./กล่อง,0,10,7,2,1
945,8850271231014,น้ำตาลสด ตรามะพร้าว9ต้น/ขวด,0,12,7,2,1
946,8850271233025,น้ำตาลสด ตรามะพร้าว9ต้น/หีบ,0,0,7,2,1
947,8850293200043,ซีอิ๊วขาว สูตร1 700 ซม./ขวด,0,30,0,2,1
948,8850304019329,ทรานสพอร์ เทปแต่งแผลกันน้ำ/ กล่อง,0,0,7,2,1
949,8850304081272,นีโอบันพลาสเตอร์ยาบรรเทาปวด/ซอง10แผ่ง,0,15,7,2,1
950,8850304096641,ปะแผล100แผ่น/กล่อง,0,38,-6,2,1
951,8850305320240,โนเบิล ไทม์ รสช๊อกโกแลต/กล่อง 60 ชิ้น,0,50,7,2,1
952,8850305320264,ช๊อก คอยน์รสช็อกโกแลต /กล่อง 60 ชิ้น,0,50,-33,2,1
953,8850305320394,ช๊อก คอยน์ รสนม/กล่อง 60 ชิ้น,0,50,7,2,1
954,8850309013124,ลูกอมเอ็กซ์.โอ.รสกาแฟ/ถุง50เม็ด,0,20,7,2,1
955,8850309013148,ลูกเอ็กซ์.โอ.รสกาแฟ/กระปุก200เม็ด,0,80,7,2,1
956,8850309013223,ลูกอมเอ็กซ์.โอ.รสบัตเตอร์คาราเมล/ถุง50เม็ด,0,20,7,2,1
957,8850309013520,ลูกอมเอ็กซ์.โอ.รสชามะนาว/ถุง50เม็ด,0,20,7,2,1
958,8850309140042,ลูกออมลัชรสช็อกโกแลต50เม็ด/ห่อ,0,20,6,2,1
959,8850309140332,ลูกอมเอ็กซ์-ไซด์รสส้ม/ถุง50เม็ด,0,20,6,2,1
960,8850309140356,ลูกอมเอ็กซ์-โซด์/กระปุก200เม็ด,0,80,7,2,1
961,8850309200142,ฟันโอช็อกโกเเลต/ห่อ12ชิ้น,0,50,3,2,1
962,8850309200166,ฟันโอคัสตาร์ด/ห่อ12ชิ้น,0,50,2,2,1
963,8850309200920,ทิวลี่ครีมเคลือบช็อกโกแลต/ห่อ24ซอง,0,40,-9,2,1
964,8850309201217,ทิวลี่ครีมวานิลา/ห่อ24ซอง,0,40,-8,2,1
965,8850309201354,ฟันโอรสนม/ห่อ 12 ชิ้น,0,50,6,2,1
966,8850309201934,เมจิกรวช็อกโกแลก/ห่อ24ซอง,0,40,0,2,1
967,8850309202986,ครีมโอคุกกี้คาราเมลช็อกโกแลต/ห่อ24ซอง,0,40,4,2,1
968,8850309203006,ครีมโอคุกกี้มะพร้าวช็อกโกแลต/ห่อ24ซอง,0,40,5,2,1
969,8850309203242,ฟันโอช็อก-ช็อก/ห่อ12ชิ้น,0,50,-2,2,1
970,8850309204379,ครีมโอสตรอเบอร์รี่/ห่อ24ซอง,0,40,5,2,1
971,8850309204928,ฟันโอสตรอเบอร์รี่/ห่อ12ชิ้น,0,50,-5,2,1
972,8850309206700,ลูกอมเคี้ยวนุ่มรสช็อกโกมินต์/กระปุก200เม็ด,0,80,7,2,1
973,8850309206984,ลูกอมเคี้ยวนุ่มรสมินต์/กระปุก200เม็ด,0,80,7,2,1
974,8850309207059,ลูกอมลัชรสนม/ถุง50เม็ด,0,20,-2,2,1
975,8850309207066,ลูกลัชรสนม/กระปุก200เม็ด,0,80,6,2,1
976,8850309207073,ลูกอมลัชรสนมกลิ่นสตรอเบอร์รี่/ถุง50เม็ด,0,207,7,2,1
977,8850309207080,ลูกอมลัชรสนมกลิ่นสตอเบอร์รี่/กระปุก200เม็ด,0,80,7,2,1
978,8850338001598,ลูกอมฮอลล์คูลล์320กรัม/ถุง100เม็ด,0,40,7,2,1
979,8850344002008,น้ำจิ้มไก่ ตราสุรีย์ 370 กรัม/ขวด,0,28,7,2,1
980,8850344002084,น้ำจิ้มสุกี้ ตรา สุรีย์ 800กรัม/ขวด,0,52,1,2,1
981,8850344002152,น้ำพริกเผา120กรัม/ขวด,0,20,7,2,1
982,8850344002190,ซอสหอยนางรม ตราสุรีย์ 320 มล./ขวด,0,29,7,2,1
983,8850344002206,ซอสหอยนางรม ตราสุรีย์ 479กรัม/ขวด,0,49,7,2,1
984,8850348110013,สมุนไพรดอกบัวคู่ 100 กรัม/หลอด,0,0,7,2,1
985,8850348110020,สมุนไพรดอกบัวคู่สูตรดั้งเดิม100กรัม/แพ็ด6 หลอด,0,0,7,2,1
986,8850360022516,สบู่เดทตอล สูตรออริจินัล70กรัม/แพ็ค4+1ก้อน,0,0,7,2,1
987,8850360022530,สบู่เดทตอล สูตรเฟรช70กรัม/แพ็ค4+1ก้อน,0,0,7,2,1
988,8850360022554,สบู่เดทตอล สูครเซนซิทีฟ70กรัม/แพ็ค4+1ก้อน,0,0,6,2,1
989,8850360022714,สบู่เดทตอล สูตรสกินเเคร์70กรัม/แพ็ค4+1ก้อน,0,0,5,2,1
990,8850360022912,สบู่เดทตอล สูตรแอคทีฟ70กรัม/แพ็ค4+1ก้อน,0,0,7,2,1
991,8850360025135,เดทตอลสูตรเฟรช220กรัม/ขวด,0,80,7,2,1
992,8850360025708,เดทตอลเจลอาบน้ำสูตรคูล220กรัม/ขวด,0,80,7,2,1
993,8850360025807,เดทตอลสูตรสกินแคร์220กรัม/ขวด,0,0,7,2,1
994,8850360025906,เดทตอลสูตรแอคทีฟ220กรัม/ขวด,0,80,7,2,1
995,8850360104137,แวนิช เพาเวอร์โอทู30กรัม/ซอง,0,0,7,2,1
996,8850382130008,SPY CLASSIC/ขวด,0,28,7,2,1
997,8850382230005,SPY WHITE/ขวด,0,28,7,2,1
998,8850389103371,ตราเซ็ปเป้ บิวติ กรีน/ขวด,0,20,7,2,1
999,8850389103388,ตราเซ็ปเป้ บิวติ พิ้งค์/ขวด,0,20,7,2,1
1000,8850389103876,ตราเซ็ปเป้ บิวติ เร้ด/ขวด,0,20,7,2,1
1001,8850389104057,บิวติ ดริ้งค์ไฟเบอร์/แพ็ค6ขวด,0,102,7,2,1
1002,8850389300084,คอฟฟี่ ตราเพรียว/ซอง,0,0,7,2,1
1003,8850389300091,คอฟฟี่ ตราเพรียว/แพ็ค,0,0,7,2,1
1004,8850389300169,กาแฟเพรียว/ห่อ 48 ซอง,0,195,7,2,1
1005,8850403200253,วุ้นเส้นสายฝน 22 กรัม /ถุง,0,3.25,7,2,1
1006,8850403200802,วุ้นเส้นสายฝน 70 กรัม /ถุง,0,10,7,2,1
1007,8850403201250,วุ้นเส้นสายฝน 70 กรัม /ห่อ 10 ถุง,0,90,-12,2,1
1008,8850403204008,วุ้นเส้นสายฝน 22 กรัม / ห่อ 20 ถุง,0,65,-10,2,1
1009,885041233504,เอฟเอฟต้มยำกุ้งมะนาว/กล่อง 30 ซอง,0,130,7,2,1
1010,8850412370503,เอฟเอฟ oriental/ซอง,0,5,7,2,1
1011,8850412373467,เอฟเอฟต้นยำปลากระป๋อง/ซอง,0,5,7,2,1
1012,8850412373474,เอฟเอฟต้มยำกุ้งมะนาว /ซอง,0,5,7,2,1
1013,8850412373498,เอฟเอฟต้มยำปลากระป๋อง/กล่อง 30 ซอง,0,130,7,2,1
1014,8850412373504,เอฟเอฟต้มยำกุ้งมะนาว/หีบ 6 กล่อง,0,780,7,2,1
1015,8850412380007,เอฟเอฟoriental/กล่อง 30ซอง,0,130,6,2,1
1016,8850425000145,เยลลี่ปีโป้/ถาด 6ถ้วย,0,25,-3,2,1
1017,8850425008370,ยูโร่เอลเซ่/กล่อง24ชิ้น,0,50,-88,2,1
1018,8850426000311,ยูโร่2สี2ไส้/กล่อง12ซอง,0,50,7,2,1
1019,8850434018384,การ์นิเย่ไลท์สูตรป้องกันแสงแดด7มล./กล่อง6ซอง,0,75,6,2,1
1020,8850451003103,ตาต้า/ถุง1อัน,0,10,2,2,1
1021,8850451003332,ตาต้าหวานเย็น/หีบ,0,0,-12,2,1
1022,8850451005251,ปลากระป๋องแพนโอเชี่ยนฝาดึง/กระป๋อง,0,10,7,2,1
1023,8850451005268,ปลากระป๋องแพนโอเชี่ยนฝาดึง/แพ็ค 10 กระป๋อง,0,100,-3,2,1
1024,8850451005275,ปลากระป๋องแพนโอเชี่ยนฝาดึง/หีบ 10 แพ็ค,0,1000,5,2,1
1025,8850548002521,J-mix ส้ม,288,290,96,2,1
1026,8850548002538,J-mix สตอ,288,290,100,2,1
1027,8850548002545,J-mix  องุ่น,288,290,100,2,1
1028,8850548002552,เจ-มิกช์ น้ำลิ้นจี่วุ้นมะพร้าว/หีบ,0,0,7,2,1
1029,8850548002682,J Mix5.-ส้ม,0,25,99,2,1
1030,8850548002712,J Mix5.-ลิ้นจี่,0,25,99,2,1
1031,8850548002873,J Mix5.-องุ่น,0,25,99,2,1
1032,8850548003061,J-mix แคน,288,290,90,2,1
1033,8850583000315,ไทลินอล500/กล่อง,0,280,7,2,1
1034,8850624700402,เมษาน้ำส้ม/หีบ,0,195,97,2,1
1035,8850624700419,เมษาน้ำสตรอเบอร์รี่/หีบ,0,0,7,2,1
1036,8850624793015,คลูโคโค่น้ำส้มผสมวุ้นมะพร้าว/แพ็ค6ขวด,0,25,-27,2,1
1037,8850624793022,ดีโด้น้ำส้มผสมวุ้นมะพร้าว/หีบ,0,0,-5,2,1
1038,8850624793077,คลูโคโค่น้ำองุ่นผสมวุ้นมะพร้าว/แพ็ค6ขวด,0,25,7,2,1
1039,8850632100027,ลูกอมฮารบีทกลิ่นสตรอเบอร์รี่/ถุง100เม็ด,0,40,7,2,1
1040,8850632100102,ลูกอมฮารบีทกลิ่นระกำ/ถุง100เม็ด,0,40,5,2,1
1041,8850635001024,น้ำมันโอลีน500ml/ขวด,0,28,7,2,1
1042,8850635001123,น้ำมันโอลีน500ml/แพก6ขวด,0,150,-5,2,1
1043,8850635007132,น้ำมันพืชสายรุ้ง เติม 1ลิตร/ถุง,0,0,1,2,1
1044,8850709161241,ผ้าอ้อมplaypants/ห่อ,0,190,7,2,1
1045,8850849000738,บังกาโล/ ถุง12อัน,0,10,7,2,1
1046,8850849000806,เยลลี่แฟนซีบังกาโล/หีบ,0,0,6,2,1
1047,8850849001230,แฟนซี่ สติ๊กโยเกิร์ต/ถุง12อัน,0,10,-2,2,1
1048,8850849001353,แซนชีสติ๊ก รสโยเกิร์ต/หีบ,0,0,7,2,1
1049,8850866271500,น้ำมันหอยแกลอนเล็ก,25,25,-17,2,1
1050,8850871205828,ฝอยขัดหม้อเหล็ก/แผง,45,48,-7,2,1
1051,8850939100058,ลูกอมเมนทอสมินต์/กระปุก200เม็ด,0,80,7,2,1
1052,8850939100072,ลูกอมเมนทอสรสผลไม้/กระปุก200เม็ด,0,80,7,2,1
1053,8850939908562,ลูกอมเมนทอส รสไอซ์มินต์/หีบ,0,0,7,2,1
1054,8850939908579,ลูกอมเมนทอส รสแอปเปิ้ล/หีบ,0,0,7,2,1
1055,8850939912842,ลูกอมเมนทอส รสเบอร์รี่บลาสท์/หีบ,0,0,7,2,1
1056,8850939919919,โดราเอมอนมะม่วงสัปปะรด/กล่อง12ซอง,0,50,7,2,1
1057,8850952000137,น้ำส้มตราดีโด้/หีบ,0,0,-26,2,1
1058,8850952008362,DeeDoo20.-,0,210,98,2,1
1059,8850952011423,ดีโด้ฟรุ๊ตตี้/หีบ,0,0,5,2,1
1060,8850952011935,ดีโด้ น้ำรสองุ่น/ขวด,0,0,2,2,1
1061,8850952016022,ดีโด้ถ้วย3.- สตอ,0,170,96,2,1
1062,8850952016053,ดีโด้ถ้วย3.-องุ่น,0,170,99,2,1
1063,8850952020357,ดีโด้ถ้วย3.-แคน,0,170,99,2,1
1064,8850952020364,ดีโด้ถ้วย3.-ส้ม,0,170,85,2,1
1065,8850952021118,ดีโด้โยเกิร์ต1.-/กล่อง30แพก,285,290,1,2,1
1066,8850952021361,ดีโด้ 3.-ฝ้าเจาะ,0,200,95,2,1
1067,8850952025109,ดีโด้เยลลี่สอดไส้/หีบ,0,0,7,2,1
1068,8850952025369,ดีโด้5.- ฝาหมุน,0,200,99,2,1
1069,8850952026144,ดาวแดง,0,290,99,2,1
1070,8850952026151,ดาวเขียว,280,280,99,2,1
1071,8850952083642,DeeDoo20.-,0,20,99,2,1
1072,8850952084010,ดีโด้หวานเย็นกลิ่นต่างๆ/หีบ,0,0,6,2,1
1073,8850952253649,ดีโด้5.- ฝาหมุน,0,5,99,2,1
1074,8850952261446,ดาวแดง/ขวด,0,28,99,2,1
1075,8850952261545,ดาวเขียว/ขวด,0,28,99,2,1
1076,8850952911426,ดีโด้ฟรุ๊ตตี้/ห่อ12 หลอด,0,10,5,2,1
1077,8850952921111,ดีโด้โยเกริต์1.-,0,10,99,2,1
1078,8850952924013,ดีโด้หวานเย็น/ห่อ 12 หลอด,0,10,1,2,1
1079,885097364235,โฮมมี่กลิ่นสตรอเบอร์รี่/ห่อ12ซอง,0,50,7,2,1
1080,8850987101014,มาม่าหมูสับ/ซอง,0,6,99,2,1
1081,8850987101021,มาม่ากุ้ง/ซอง,0,6,99,2,1
1082,8850987101274,มาม่าหมูสับ/กล่อง30ซอง,0,150,82,2,1
1083,8850987101298,มาม่ากุ้ง/กล่อง 30ซอง,148,150,98,2,1
1084,8850987101472,มาม่าคัพรสหมูสับ/กระปุก,0,16,99,2,1
1085,8850987101489,มาม่าคัพรสต้มยำกุ้ง/กระปุก,0,16,96,2,1
1086,8850987101656,มาม่าคัพรสต้มยำกุ้ง/แพก6กระปุก,0,75,75,2,1
1087,8850987101663,มาม่าคัพรสหมูสับ/แพก6กระปุก,0,75,99,2,1
1088,8850987128004,มาม่าหมูน้ำตก/ซอง,0,6,99,2,1
1089,8850987128011,ม่าม่าหมูน้ำตก/กล่อง30ซอง,0,148,7,2,1
1090,8850987128028,มาม่าหมูน้ำตก/หีบ6กล่อง,0,900,97,2,1
1091,8850987144370,มาม่าแกงเขียวหวาน/ซอง,0,6,99,2,1
1092,8850987144394,มาม่าแกงเขียวหวาน/กล่อง30ซอง,0,150,99,2,1
1093,8850987144417,มาม่าคัพรสเขียวหวานไก่/กระปุก,0,16,99,2,1
1094,8850987144455,มาม่าคัพรสเขียวหวานไก่/แพก6กระปุก,0,75,99,2,1
1095,8850987201035,มาม่าเส้นเล็กต้มยํา/ซอง,0,6,99,2,1
1096,8850987201165,มาม่าเส้นใหญ่น้ำใส/ซอง,0,6,7,2,1
1097,8850987201295,มาม่าเส้นหมี่นํ้าใส/ชอง,0,6,7,2,1
1098,8850987201370,มาม่าเส้นเล็กต้มยํา/กล่อง30ซอง,0,148,5,2,1
1099,8850987201387,มาม่าเส้นเล็กต้มยํา/หีบ6กล่อง,0,880,3,2,1
1100,8850987201417,มาม่าเส้นใหญ่น้ำใส/กล่อง 30ซอง,0,147,7,2,1
1101,8850987201431,มาม่าเส้นใหญ่น้ำใส/หีบ,0,0,7,2,1
1102,8850987201448,มาม่าเส้นหมี่นํ้าใส/กล่อง30ซอง,0,148,7,2,1
1103,8850987201455,มาม่าเส้นหมี่นํ้าใส/หีบ6กล่อง,0,880,4,2,1
1104,8850987358920,โฮมมี่กลิ่นชีล/ห่อ6ซอง,0,50,-9,2,1
1105,8850987358951,โฮมมีกลิ่นไก่/ห่อ6ซอง,0,50,2,2,1
1106,8850987358982,โฮมมี่สาหร่ายโนริ/ห่อ6ซอง,0,50,5,2,1
1107,8850987362255,บัตเตอร์โคโคนัตบิสกิต/กล่อง12ซอง,0,50,5,2,1
1108,8850987364013,โฮมมี่รสเงา/ห่อ6ซอง,0,50,7,2,1
1109,8850987364020,โฮมมี่รสเงา/หีบ,0,0,7,2,1
1110,8850987364044,โฮมมี่กลิ่นมะพร้าว/ห่อ6ซอง,0,50,7,2,1
1111,8850987364228,โฮมมี่กลิ่นสตรอเบอร์รี่ /หีบ,0,0,7,2,1
1112,8850987364235,โฮมมีสตรอเบอร์รี่/กล่อง12ซอง,0,50,7,2,1
1113,885099220024,โซดา ตราสิงห์/ลัง,0,0,2,2,1
1114,8850999002033,ซันโว กลิ่นผลไม้รวม/ขวด,0,10,7,2,1
1115,8850999003399,มาชิตะจูเนียร์/กล่อง12ซอง,0,50,7,2,1
1116,8850999003795,ซันโว/ขวด,0,10,7,2,1
1117,8850999141008,ลีโอ/ขวด,0,0,7,2,1
1118,8850999141015,ลีโอ กล่อง630ซม./ลัง,0,505,7,2,1
1119,8850999143002,ลีโอ/กระป๋อง,0,30,7,2,1
1120,8850999143026,ลีโอ แพ็ค 330มล./ถาด,0,635,6,2,1
1121,8850999220000,โซดา ตราสิงห์/ขวด,0,8,7,2,1
1122,8850999321028,น้ำสิงห์ ขวดเล็ก,0,55,99,2,1
1123,8851012103706,เนสกาแฟ เอสเปรสโซ โรสต์/ขวด,0,13,7,2,1
1124,8851072010457,สำลีปั่นหู/ห่อ10ชิ้น,90,95,6,2,1
1125,8851072010778,สำลีก้าน เอโร่/ห่อ,0,0,7,2,1
1126,8851078010457,สำลีก้าน เอโร่/แพ็ค,0,0,6,2,1
1127,8851096011034,ลูกอมผลไม้ริงป๊อป/กล่อง24ชิ้น,0,100,7,2,1
1128,8851123211109,ลิโพวิตัน-ดี/หีบ,0,0,3,2,1
1129,8851123211178,ลิโพ-พลัส/ขวด,0,10,7,2,1
1130,8851123211192,ลิดพ-พลัส/หีบ,0,0,7,2,1
1131,8851123212021,M150เหลือง/ขวด,0,10,7,2,1
1132,8851123212199,เอ็มสปอร์ต/ขวด,0,10,7,2,1
1133,8851123212205,เอ็มสปอร์ตพลัส/หีบ,0,0,-15,2,1
1134,8851123212267,M 150 เหลือง/หีบ,0,0,0,2,1
1135,8851123215213,ฉลามขาว /ขวด,0,10,7,2,1
1136,8851123215220,ฉลามขาว/หีบ,0,425,7,2,1
1137,8851123218016,.357 แม็กนั่มพลีส/ขวด,0,10,7,2,1
1138,8851123218030,.357แม็กนั่ม/หีบ,0,0,7,2,1
1139,8851123218092,.353เอ็กซตร้า/ขวด,0,10,7,2,1
1140,8851123220033,M150 STORM /ขวด,0,15,7,2,1
1141,8851123220040,M-Storm,135,0,99,2,1
1142,8851123225007,เปปทีนจากถั่งเหลือง/ขวด,0,38,7,2,1
1143,8851123227094,น้ำสตรอเบอร์รี่โอเล่บิวตี้/ขวด,0,10,7,2,1
1144,8851123227155,น้ำส้มโอเล่บิวตี้/ขวด,0,12,7,2,1
1145,8851123233002,โสมอินซิม100มล./ขวด,0,10,7,2,1
1146,8851123234009,แซซซี่ โกลต์ /ขวด,0,15,7,2,1
1147,8851123234030,แซซซี่ กรีน /ขวด,0,15,7,2,1
1148,8851123234061,แซซซี่ เรด /ขวด,0,15,7,2,1
1149,8851123237000,วิตามิน เลมอน/ขวด,0,12,7,2,1
1150,8851123237031,วิตามิน ออเร้นจ์/ขวด,0,12,7,2,1
1151,8851123422161,ลูกอมโอเล่รสสตรอเบอร์รี่/กระปุก200เม็ด,0,80,7,5,2
1152,8851123422178,ลูกอมโอเล่ บิวตี้สตรอเบอร์รี่/หีบ,0,0,7,2,1
1153,8851123423021,ลูกอมโอเล่เลมอน280กรัม/ถุง100เม็ด,0,40,7,2,1
1154,8851123425070,ลูกอมโอเล่รสสตรอเบอร์รี่280กรัม/ถุง100เม็ด,0,40,4,2,1
1155,8851123425261,ลูกอมโอเล่รสสละไซเดอร์/กระปุก200เม็ด,0,80,7,2,1
1156,8851123426312,ลูกอมโอเล่กลิ่นแต่งโมเลโมเน็ด/ถุง100เม้ด,0,40,7,2,1
1157,8851123429054,ลูกอมโอเล่รสบ๊วย280กรัม/ถุง100เม็ด,0,40,7,2,1
1158,8851123465038,ลูกอมโอเล่เลิฟรสสตรอเบอร์รี่/ห่อ100เม็ด,0,40,7,2,1
1159,8851123466035,ลูกอมโอเล่เลิฟรสโรเเมนช์/ถุง100เม้ด,0,40,7,2,1
1160,8851123480017,ลูกอมชูการ์ฟรี สตรอเบอร์รี่ โซดา/กล่อง 12 แผง,0,90,7,2,1
1161,8851123481014,ลูกอมชูการ์ฟรีไวลด์แอปเปิ้ล โซดา/กล่อง 12 แผง,0,90,7,2,1
1162,8851123487016,OLE ลูกอมสตรอเบอร์รี่/กล่อง 24 ซอง,0,63,6,2,1
1163,8851123488013,OLE ลูกอมกลิ่นกีวี /กล่อง 24 ซอง,0,63,7,2,1
1164,8851148000016,ไม้ขีดไฟ ตราช้าง80ปี/ห่อ,0,8,7,2,1
1165,88511932284059,ซันสันสมูทแอนด์เมเนจเจเบิ้ลสีชมพู15มล./ซอง,0,0,7,2,1
1166,8851228007003,ดาร์ลี่ 200กรัม/หลอด,0,0,7,2,1
1167,8851228007010,ดาร์ลี่ 200กรัม /แพ็ค 6หลอด,0,0,7,2,1
1168,8851315000627,ฟองน้ำคิงคอง/ซอง,0,0,6,2,1
1169,8851315000641,ฟองน้ำคิงคอง/แพ็ค,0,55,89,2,1
1170,885132187428,ซันไลต์เลมอนเทอร์โบ/ถุง,0,0,7,2,1
1171,8851321877428,ซันไลต์เลมอนเทอร์โบ/ถุง,0,0,7,2,1
1172,885132288910,เคลียร์ คูลสปอร์ตเมนทอล70มล./แพ็ค6ขวด,0,0,7,2,1
1173,8851447010013,ยาดมตรา โป๊ยเซียน/แผง 6หลอด,0,90,6,2,1
1174,8851473000040,แอนตาซีลแพง/กล่อง50แพง,0,280,5,2,1
1175,8851473000071,ทิฟฟี่ ไซรัป 30มล./กล่อง1ขวด,0,22,-17,2,1
1176,8851473000385,ซาร่าเด็ก รสสตรอเบอรี่ 60มล./กล่อง1ขวด,0,48,-5,2,1
1177,8851473007698,ทิฟฟี่เดย์/แผง 4 เม็ด,0,7,7,2,1
1178,8851473007704,ทิฟฟี่เดย์ ชนิดเม็ด/กล่อง,0,175,7,2,1
1179,8851494007561,น้ำมันเกสร250ml/ขวด,0,15,-51,2,1
1180,8851648101169,รักไทย/ม้วน,0,5,99,2,1
1181,8851705000015,ไฟแช็กก๊าซ ไทโย 2.4 กรัม/กล่อง 50 อัน,0,0,-15,2,1
1182,8851717049200,ดัชมิลล์รสส้ม/แพ็ค4กล่อง,0,15,-88,2,1
1183,8851717049217,ดัชมิลล์รสสตรอเบอร์รี่/แพ็ค4กล่อง,0,15,0,2,1
1184,8851717049224,ดัชมิลล์คิดส์รสผลไม้/แพ็ค4กล่อง,0,15,7,2,1
1185,8851748000201,ซันเจี่ย ,25,28,99,2,1
1186,8851806000297,ถ่านไฟฉาย พานาโซนิค R6ST/แพ็ค 4ก้อน,0,24,5,2,1
1187,8851806000303,ถ่านไฟฉาย พานาโวนิค /กล่อง 15 แพ็ค,0,0,-1,2,1
1188,8851806000389,ถ่านไฟฉาย พานาโซนิค R20STC/แพ็ค2ถ้อน,0,26,7,2,1
1189,8851806000396,ถ่านไฟฉายพานาโซนิค/กล่อง 12 แพ็ค,0,0,5,2,1
1190,8851818182875,แฟซ่าสูตรสปาบำรุง100มล./ขวด,0,0,7,2,1
1191,8851818191778,ลอลิเอะกลางวัน/ห่อ,0,12,7,2,1
1192,8851818191891,ลอริเอะกลางคืน/ห่อ,0,18,7,2,1
1193,8851818319462,ลอริเอะกลางคืน/แพก6ห่อ,0,84,4,2,1
1194,8851818731912,ลอลิเอะกลางวัน/แพก12ห่อ,0,120,3,2,1
1195,8851818812505,แฟซ่าสูตรเพอร์เฟคแคร์100มล./ขวด,0,0,7,2,1
1196,8851818813809,แฟซ่าสูตรหนังศีรษะสดชื่น100มล./ขวด,0,0,7,2,1
1197,8851826040037,ดร.มนตรี  ขจัดความมัน24กรัม/หลอด,0,20,7,2,1
1198,8851826040044,ดร.มนตรี  ขจัดความมัน24กรัม/แพ็ค6หลอด,0,108,7,2,1
1199,8851826041119,Montri-สิว40กรัม,0,15,99,2,1
1200,8851826045117,สบู่สิว ดร.มนตรี40กรัม/ก้อน,0,20,99,2,1
1201,8851826048033,ดร.มนตรี ป้องกันสิว24กรัม/หลอด,0,20,7,2,1
1202,8851826048040,ดร.มนตรี ป้องกันสิว24กรัม/แพ็ค6หลอด,0,108,7,2,1
1203,8851826049016,ด๊อกเตอร์มนตรี เอ๊กช์ตร้าไวท์แอนด์บิวตี้ครีม10กรัม/ซอง,0,10,7,2,1
1204,8851826049023,ด๊อกเตอร์มนตรี เอ๊กช์ตร้าไวท์แอนด์บิวตี้ครีม10กรัม/กล่อง6ซอง,0,60,5,2,1
1205,8851826049214,ด๊อกเตอร์มนตรี เอ๊กช์ตร้าไวท์แอนด์ยูวีโปรเทคชั่นครีม10กรัม/ซอง,0,10,7,2,1
1206,8851826049221,ด๊อกเตอร์มนตรี เอ๊กช์ตร้าไวท์แอนด์ยูวีโปรเทคชั่นครีม10กรัม/กล่อง6ซอง,0,60,7,2,1
1207,8851826061216,ก.ย.15ทากันยุง/ขวด,0,0,7,2,1
1208,8851826063111,กย15เพรชมลอสชั่น/ซอง,0,5,7,2,1
1209,8851826063128,กย15เพรชมลอสชั่น/แพก12ซอง,0,98,7,2,1
1210,8851826067119,กย15มายด์ลิลลี่/ซอง,0,5,7,2,1
1211,8851826067126,กย15มายด์ลิลลี่/แพก24ซอง,0,98,7,2,1
1212,8851826069113,กย15ลาเวนเดอร์/ซอง,0,5,7,2,1
1213,8851826069120,กย15ลาเวนเดอร์/แพก12ซอง,0,98,7,2,1
1214,8851826081320,โฮม/ขวด,0,45,7,2,1
1215,8851826081412,โฮมแบบเติม/ถุง,0,35,6,2,1
1216,8851826086110,โฮมล้างขวด/ขวด,0,35,7,2,1
1217,8851826161428,เท็ดดี้เเบร์ ล้างขวดนม250มล./ขวด,0,0,7,2,1
1218,8851826541114,ลูกอมคูก้า รสนม/กระปุก,0,80,6,2,1
1219,8851826541138,คูก้ารสนม100ม.,0,40,99,2,1
1220,8851826542135,ลูกอมมายมิ้นท์50เม็ด/ถุง,0,20,7,2,1
1221,8851826542333,ลูกอมมายมิ้นท์280กรัม/ถุง100เม็ด,0,40,7,2,1
1222,8851826542739,ลูกอมมายมิ้นท์รสแบล็คมินต์/ถุง100เม็ด,0,40,7,2,1
1223,8851826561136,ลูกอมคูค้ารสสตรอเบอร์รี่/ถุง100เม็ด,0,40,5,2,1
1224,885185000305,ผงกะหรี่ 12กรัม/ห่อ 24ซอง,0,100,7,2,1
1225,8851881251133,ยาไอโบรเฟน600/กล่อง,0,0,7,2,1
1226,8851912002000,เต้าเจี้ยว สูตร2ตราสับปะรด 805กรัม/ขวด,0,28,7,2,1
1227,8851912010043,ซีอิ๊วขาว สูตร3 630ซม./ขวด,0,25,7,2,1
1228,8851912100010,น้ำจิ้มไก่700กรัม/ขวด,0,0,6,2,1
1229,8851929000099,ลูกอมซูกัสรสผลไม้ต่างๆ/ถุง100เม็ด,0,40,7,2,1
1230,8851929002796,สบู่พฤกษานกแก้ว สีเขียว60กรัม/ก้อน,0,8,7,2,1
1231,8851929006299,สบู่พฤกษานกแก้ว สีเขียว60กรัม/แพ็ค6ก้อน,0,38,99,2,1
1232,8851929006305,สบู่พฤกษานกแก้ว สีชมพู60กรัม/ก้อน,0,8,7,2,1
1233,8851929006336,สบู่พฤกษานกแก้ว สีชมพู60กรัม/แพ็ค6ก้อน,0,38,4,2,1
1234,8851929011910,สบู่พฤกษานกแก้ว สีม่วง60กรัม/ก้อน,0,8,7,2,1
1235,8851929011927,สบู่พฤกษานกแก้ว สีม่วง60กรัม/แพ็ค6ก้อน,0,38,7,2,1
1236,8851932035736,สบู่ซัลไล 6ก.,90,0,99,2,1
1237,8851932078313,แปรงสีฟัน ใกล้ชิดซูเปอร์2/ด้าม,0,10,7,2,1
1238,8851932078412,ใกล้ชิดโคลสอัฟดีพแอดชั่น 160กรัม/หลอด,0,0,7,2,1
1239,8851932078504,ใกล้ชิด โคลสอัพดีพแอดชั่น160กรัม/แพ็ค6หลอด,0,108,99,2,1
1240,8851932082976,แปรงสีฟันใกล้ชิด12ช.,0,98,99,2,1
1241,8851932105347,ใกล้ชิดรสเมนทอล ชิลล์ 18 กรัม/แพ็ค 12 หลอด,0,0,7,2,1
1242,8851932105354,ใกล้ชิด เมนทอลชิลล์ 18 กรัม/หลอด,0,0,7,2,1
1243,8851932111799,พอนด์เมจิกพาวเดอร์ VU 50กรัม/แพ็ค6ขวด,0,120,-3,2,1
1244,8851932111805,พอนด์เมจิกพาวเดอร์ VU 50กรัม/ขวด,0,25,7,2,1
1245,8851932127295,แปรงสีฟัน โคลสอัพเอ็กซ์ตร้า/ด้าม,0,10,7,2,1
1246,8851932143356,วาสลีนโ400มล./แพ็ค3ขวด,0,0,7,2,1
1247,8851932143363,วาสลีนโททอลมอยซ์เจอร์400มล./ขวด,0,0,7,2,1
1248,8851932163392,วาสลีน ว่านหางจระเข้400มล./ขวด,0,165,7,2,1
1249,8851932165358,โมโอ 900 กรัม/ถุง,0,55,7,2,1
1250,8851932171960,บรีสเอกเซลคอมฟอร์ท90กรัม/ห่อ12ซอง,0,100,99,2,1
1251,8851932172028,บรีสเอกเซล90กรัม/ห่อ12ถุง,0,85,2,2,1
1252,8851932179560,พอนด์ส ไวท์บิวตี้ 20กรัม/แพ็ค6หลอด,0,108,7,2,1
1253,8851932179577,พอนด์ส ไวท์บิวตี้ 20กรัม/หลอด,0,20,7,2,1
1254,8851932179621,พอนด์ส ออยล์คอนโทรล 20กรัม/แพ็ค6หลอด,0,108,7,2,1
1255,8851932179638,พอนด์ส ออยล์คอนโทรล 20กรัม/หลอด,0,108,7,2,1
1256,8851932180061,พอนด์ส ไวท์บิวตี้ดีท็อกซ์8กรัม/กล่อง6ซอง,0,60,5,2,1
1257,8851932180184,พอนด์สไวท์บิวตี้8กรัม/กล่อง6ซอง,0,60,2,2,1
1258,8851932183543,สบู่ลักส์ ก้อนสีชมพู60กรัม/แพ็ค6ก้อน,0,39,95,2,1
1259,8851932183550,สบู่ลักส์ ก้อนสีชมพู60กรัม/ก้อน,0,0,7,2,1
1260,8851932183666,สบู่ลักส์ เวลเวททัช80กรัม/แพ็ค4ก้อน,0,45,99,2,1
1261,8851932183727,สบู่ลักส์ เวคมีอัพ80กรัม/แพ็ค4ก้อน,0,45,99,2,1
1262,8851932186100,โอโม450กรัม/ถุง,0,25,5,2,1
1263,8851932187206,สบู่วาสลีน สีฟ้า80กรัม/แพ็ค4ก้อน,0,55,99,2,1
1264,8851932187404,ซันไลต์160มล./แพ็ค6ขวด,0,55,99,2,1
1265,8851932187411,ซันไล150ml,9.5,11,98,2,1
1266,8851932187428,ซันไลต์เลมอนเทอร์โบ/ถุง,0,0,7,2,1
1267,8851932188074,"โอโม 3,000กรัม/ถุง",0,155,5,2,1
1268,8851932188197,สบู่ลักส์ เมจิกเคิลสเปลล์80กรัม/แพ็ค4ก้อน,0,45,99,2,1
1269,8851932189354,สบู่วาสลีน สีเขียว80กรัม/แพ็ค4ก้อน,0,0,7,2,1
1270,8851932191302,ซันไลต์/ ห่อ3ถุง,0,0,5,2,1
1271,8851932196529,ซันซิลแชมพูสีส้ม6มล./แพ็ค,0,100,99,2,1
1272,8851932197205,ซันซิลแชมพูlสีชมพู6มล./แพ็ค,0,100,99,2,1
1273,8851932197229,ซันซิลแชมพูเหลือง6มล./แพ็ค,0,100,99,2,1
1274,8851932197649,ซันซิลครีมบำรุงเหลือง7มล./แพ็ค,0,0,7,2,1
1275,8851932198912,ใกล้ชิดดีพ แอคชัน30กรัม/แพ็ค12หลอด,0,108,99,2,1
1276,8851932198929,ใกล้ชิดดีพ แอคชัน30กรัม/หลอด,0,0,7,2,1
1277,8851932198936,ใกล้ชิด ดีพ แอคชัน 75กรัม/แพ็ค 6หลอด,0,0,-6,2,1
1278,8851932198943,ใกล้ชิด ดีพ แอคชัน 75กรัม/หลอด,0,0,7,2,1
1279,8851932213127,สบู่ลักส์ ก้อนสีขาว60กรัม/ก้อน,0,0,7,2,1
1280,8851932213134,สบู่ลักส์ ก้อนสีขาว60กรัม/แพ็ค6ก้อน,0,39,96,2,1
1281,8851932213158,สบู่ลักส์ ไวท์อิมเพรส80กรัม/แพ็ค4ก้อน,0,45,99,2,1
1282,8851932213691,วาสลีน เมนเฟซ20กรัม/หลอด,0,20,7,2,1
1283,8851932213707,วาสลีน เมนเฟซ20กรัม/แพ็ค6ลอด,0,108,7,2,1
1284,8851932213714,วาสลีน เมน เฟซ20กรัม/หลอด,0,0,7,2,1
1285,8851932214117,ซันซิลทรีเม้นท์สีส้ม18มล./ซอง,0,0,7,2,1
1286,8851932214209,ซันซิลแดเมจสีส้ม15มล./กล่อง10ซอง,0,0,7,2,1
1287,8851932214278,พอนด์สไลท์เทนนิ่งเดย์ครีม8กรัม/ซอง,0,15,7,2,1
1288,8851932216135,คอมฟอรชนิดซองสีฟ้า22มล./แพ็ค24ซอง,0,63,99,2,1
1289,8851932216173,คอมฟอร์อัลตร้าชนอดซองสีชมพู22มล./แพ็ค24ซอง,0,63,6,2,1
1290,8851932220989,ซิตร้านมผึ้งม่วง50มล./ขวด,0,0,7,2,1
1291,8851932220996,ซิตร้านมผึ้งม่วง50มล./แพ็ค,0,0,7,2,1
1292,8851932221009,ซิตร้านมผึ้งม่วง150มล./ขวด,0,0,7,2,1
1293,8851932221122,ซิตร้าไข่มุกชมพู50มล./ขวด,0,0,7,2,1
1294,8851932221139,ซิตร้าไข่มุกชมพู50มล./แพ็ค,0,0,7,2,1
1295,8851932221221,ซิตร้าส้มใหม่150มล./ขวด,0,0,7,2,1
1296,8851932221238,ซิตร้าส้มใหม่150มล./แพ็ค,0,0,7,2,1
1297,8851932221566,พอนด์ส เพียวร์ไวท์ 20กรัม/หลอด,0,20,7,2,1
1298,8851932221573,พอนด์ส เพียวร์ไวท์ 20กรัม/แพ็ค6หลอด,0,108,7,2,1
1299,8851932221627,พอนด์ส ฟลอเลสไวท์8กรัม/ซอง,0,15,7,2,1
1300,8851932227407,โดฟแฮร์เธอราพีแชมพูสีชมพู70มล./ขวด,0,0,7,2,1
1301,8851932227476,โดฟครีมนวลแฮร์ฟอลเรสคิว80มล./ขวด,0,0,7,2,1
1302,8851932227575,โดฟแฮร์เธอราพีแชมพูสีชมพู70มล./แพ็ค6ขวด,0,0,7,2,1
1303,8851932228015,โดฟแฮร์เธอราพี สีน้ำเงิน5มล/แพ็ค,0,0,7,2,1
1304,8851932230247,บรีสเพาเวอร์เทอร์โบ/ห่อ12ถุง,0,85,5,2,1
1305,8851932230261,บรีสเพาเวอร์เทอร์โบ/ถุง12ซอง,0,50,7,2,1
1306,8851932230285,โอโม135กรัม/ห่อ12ถุง,0,85,-11,2,1
1307,8851932230308,โอโม5.-,0,50,89,2,1
1308,8851932232715,ลักส์ซอฟ์ทัช70มล./ขวด,0,0,7,2,1
1309,8851932232722,ลักส์ไวท์อิมเพรส40มล./ขวด,0,0,7,2,1
1310,8851932232951,ลักส์ไวท์อิมเพรส550มล./ขวด,0,0,7,2,1
1311,8851932232968,ลักส์เมจิกเคิลสเปลล์550มล./ขวด,0,0,7,2,1
1312,8851932232982,ลักส์เวลเวททัช550กรัม/ขวด,0,0,7,2,1
1313,8851932234429,พอนด์สแป้งฝุ่นสีฟ้า 50กรัม/ขวด,0,25,7,2,1
1314,8851932234436,พอนด์สแป้งฝุ่นสีฟ้า 50กรัม/แพ็ค 6ขวด,0,135,99,2,1
1315,8851932234603,พอนด์สเนเชอรัลส์เดย์ครีม8กรัม/ซอง,0,15,7,2,1
1316,8851932234849,โดฟไฟเบอร์แอ็คทีฟส์140มล./ขวด,0,0,7,2,1
1317,8851932236430,สบู่วาสลีน สีชมพู/ก้อน,0,0,7,2,1
1318,8851932236690,พอนด์สไลท์เทนนิ่งเดย์ครีม8กรัม/กล่อง6ซอง,0,75,99,2,1
1319,8851932236706,พอนด์ส ฟลอเลสไวท์8กรัม/กล่อง6ซอง,0,0,7,2,1
1320,8851932243421,คอมฟอร์ท น้ำเดียวสีชมพู/แพ็ค2โหล,0,77,5,2,1
1321,8851932261418,คอมฟอร์ท สูตรอ่อนโยน650มล./ถุง,0,20,7,2,1
1322,8851932262309,เคลียร์ส้ม70มล.,0,143,99,2,1
1323,8851932262514,เคลียร์ สีชมพู5มล./แพ็ค,0,100,99,2,1
1324,8851932262736,เคลียร์mน้ำเงิน70มล.,0,143,99,2,1
1325,8851932263306,เคลียร์ สีฟ้า5มล./แพ็ค,0,100,99,2,1
1326,8851932263344,เคลียร์ฟ้า70มล.,0,143,99,2,1
1327,8851932263870,วิม กลิ่นกรีนเฟรช3500มล./ขวดใหญ่,0,160,7,2,1
1328,8851932263962,ซันซิลสีเหลือง70กรัม/ขวด,0,0,7,2,1
1329,8851932263979,ซันซิล สีชมพู70กรัม/ขวด,0,0,7,2,1
1330,8851932263986,ซันซิลสีส้ม70กรัม/ขวด,0,0,7,2,1
1331,8851932263993,ซันซิลสีเขียว70กรัม/ขวด,0,0,7,2,1
1332,8851932264013,ซันซิลสีดำ70กรัม/ขวด,0,0,7,2,1
1333,8851932264020,ซันซิลสีฟ้า70กรัม/ขวด,0,0,7,2,1
1334,8851932264044,ซันซิลครีมนวลนูริชชิ่งซอฟท์แอนด์70มล./ขวด,0,0,7,2,1
1335,8851932264303,ซันซิลนูริชชิ่งซอฟท์แอนด์สมูท160มล./ขวด,0,0,7,2,1
1336,8851932264310,ซันซิลสมูทแอนด์เมเนจเจเบิ้ล160มล./ขวด,0,0,7,2,1
1337,8851932264327,ซันซิลแดเมจรีคอนสตรักชัน160มล./ขวด,0,0,7,2,1
1338,8851932264426,ซันซิลแอร์ฟอลโซลูชั่น160มล./ขวด,0,0,7,2,1
1339,8851932264440,ซันซิลสมูทแอนด์เมเนจเจเปิ้ลแอร์160มล./ขวด,0,0,7,2,1
1340,8851932264457,ซันซิลแดเมจรีคอนสตรักชัน160มล./ขวด,0,0,7,2,1
1341,8851932264563,ซันซิล สีเหลือง70กรัม/แพ็ค6ขวด,0,0,7,2,1
1342,8851932264570,ซันซิลสีชมพู70กรัม/แพ็ค6ขวด,0,0,6,2,1
1343,8851932264587,ซันซิลสีส้ม70กรัม/แพ็ค6ขวด,0,108,99,2,1
1344,8851932264594,ซันซิลสีเขียว70กรัม/แพ็ค6ขวด,0,0,6,2,1
1345,8851932264617,ซันซิลสีดำ70กรัม/แพ็ค6ขวด,0,108,99,2,1
1346,8851932264624,ซันซิลสีฟ้า70กรัม/แพ็ค6ขวด,0,0,7,2,1
1347,8851932264648,ครีมนวดซัลซิล70มล. เหลือง,0,108,99,2,1
1348,8851932264655,ครีมนวดซัลซิล70มล. ชมพู,0,108,99,2,1
1349,8851932264662,ครีมนวดซัลซิล70มล. ส้ม,0,108,99,2,1
1350,8851932264907,ซันซิล140มล. เหลือง,0,190,99,2,1
1351,8851932264914,ซันซิล140มล. ชมพู,0,190,99,2,1
1352,8851932264921,ซันซิล140มล. ส้ม,0,190,99,2,1
1353,8851932266468,เรโซนา สกินไลท์70มล./ขวด,0,65,7,2,1
1354,8851932266482,เรโซนา สกินไลท์70มล./ขวด,0,65,7,2,1
1355,8851932270236,โอโมพลัส แอนตี้แบค105กรัม/ห่อ 12 ซอง,0,0,3,2,1
1356,8851932273541,พอนด์ส เนเชอรัลส์เดย์ครีม8กรัม/กล่อง6ซอง,0,75,7,2,1
1357,8851932273701,ซันซิลเพอร์เฟคสเตรก160มล./ขวด,0,0,7,2,1
1358,8851932273718,ซันซิล140มล. ม่วง,0,190,99,2,1
1359,8851932273725,ซันซิลสีม่วง70กรัม/ขวด,0,0,7,2,1
1360,8851932273732,ซันซิลสีม่วง70กรัม/แพ็ค6ขวด,0,108,99,2,1
1361,8851932274272,ครีมนวดซัลซิล70มล. ม่วง,0,108,99,2,1
1362,8851932274623,"วิม กลิ่นพิงค์ ฟลอรัล 3,500มล/ขวด",0,160,7,2,1
1363,8851932274852,โดฟ บูทริ-ออยล์ส140มล./ขวด,0,0,7,2,1
1364,8851932274869,โดฟ140มล. ฟ้า,0,125,99,2,1
1365,8851932278461,ซัลไล  26.-,0,26,94,2,1
1366,8851932280402,โอโม25.-,0,25,99,2,1
1367,8851932283502,ซิตร้าไข่มุกชมพู150มล./ขวด,0,0,7,2,1
1368,8851932283939,วาสลีน ไลท์เทนนิ่ง 400มล./ขวด,0,170,7,2,1
1369,8851932284059,ซันซิลทรีเม้นท์สีชมพู/ซอง,0,0,7,2,1
1370,8851932284066,ซันซินแดเมจสีชมพู15มล./กล่อง10ซอง,0,0,7,2,1
1371,8851932288880,เคลียร์ แอนตี้แฮร์ฟอล70มล./ขวด,0,25,7,2,1
1372,8851932288897,เคลียร์ แอนตี้แฮร์ฟอล70มล./แพ็ค6ขวด,0,0,7,2,1
1373,8851932288903,เคลียร์ แชมพูชายน้ำเงิน70มล./ขวด,0,25,7,2,1
1374,8851932288910,เคลียร์ แชมพูชายน้ำเงิน70มล./แพ็ค 6ขวด,0,0,7,2,1
1375,8851932288927,เคลียร์ คอมพลีตซอฟต์แคร์70มล./ขวด,0,25,7,2,1
1376,8851932288934,เคลียร์ คอมพลีตซอฟต์แคร์70มล./แพ็ค6ขวด,0,0,7,2,1
1377,8851932288989,เคลียร์ ไอซ์คูลเมนทอล70มล./ขวด,0,25,7,2,1
1378,8851932288996,เคลียร์ ไอซ์คูลเมนทอล70มล./แพ็ค6ขวด,0,0,7,2,1
1379,8851932289719,เคลียร์เขียว70มล.,0,143,99,2,1
1380,8851932290289,โดฟอินเทนซ์รีแพร์ทรีทเม้นท์มาส์ก12มล/ซอง,0,10,7,2,1
1381,8851932290296,โดฟอินเทนซ์รีแพร์ทรีทเม้นท์มาส์ก12มล/กล่อง6ซอง,0,0,7,2,1
1382,8851932290302,โดฟแฮร์ฟอลเรสคิวทรีทเม้นท์มาส์ก12มล./ซอง,0,10,7,2,1
1383,8851932290319,โดฟแฮร์ฟอลเรสคิวทรีทเม้นท์มาส์ก12มล./แพ็ค6ซอง,0,0,7,2,1
1384,8851932291026,โดฟแฮร์เธอราพี สีน้ำเขียว5มล/แพ็ค,0,0,5,2,1
1385,8851932292160,โดฟครีมนวลนอริชิ่งออยล์แคร์80มล./ขวด,0,0,7,2,0
1386,8851932292573,เคลียร์mดำ70มล.,0,143,99,2,1
1387,8851932293495,เคลียร์ เฮอร์บัลฟิวชั่น70มล./ขวด,0,25,7,2,1
1388,8851932293501,เคลียร์ เฮอร์บัลฟิวชั่น70มล./แพ็ค6ขวด,0,0,7,2,1
1389,8851932296304,เคลียร์ ดีพคลีนส์70มล./ขวด,0,25,7,2,1
1390,8851932296311,เคลียร์ ดีพคลีนส์70มล./แพ็ค6ขวด,0,0,7,2,1
1391,8851932296519,สบู่ลักส์ สีชมพู80กรัม/แพ็ค6ก้อน,0,0,7,2,0
1392,8851932297646,โดฟครีมแชมพู นอริชชิ่งออยล์แคร์70มล./แพ็ค6ขวด,0,0,7,2,1
1393,8851932300735,คอมฟอร์ทชนิดวองสีแดง22มล./แพ็ค24ซอง,0,63,7,2,1
1394,8851932301206,โอโมพลัส+ลิควิดชนิดน้ำ35มล./ห่อ12ซอง,0,55,7,2,1
1395,8851932301572,แป้งพอนด์ส เมจิก บีบี50กรัม/ขวด,0,29,7,2,1
1396,8851932301589,แป้งพอนด์ส เมจิก บีบี50กรัม/แพ็ค6ขวด,0,140,99,2,1
1397,8851932301596,ซันซิลนเพอร์เฟคสเตอรทสีม่วง15มล./ซอง,0,0,7,2,1
1398,8851932301602,ซันซิลเพอร์เฟคสเตอรทสีม่วง15มล./กล่อง10ซอง,0,0,7,2,1
1399,8851932302289,ซันซินนูริชชิ่งสีเหลือง15มล./ซอง,0,0,7,2,1
1400,8851932302296,ซันซินนูริชชิ่งสีเหลือง15มล./กล่อง10ซอง,0,0,7,2,1
1401,8851932304634,ซิตร้าสปอตเลสไว์ฟรีลักส์ซอฟท์ทัช/แพ็ค,0,0,7,2,1
1402,8851932311205,บรีสเอกเซลคอมฟอร์ท35มล./ห่อ20ซอง,0,85,7,2,1
1403,8851932312936,โดฟ108มล. ส้ม,0,125,99,2,1
1404,8851932312967,โดฟ180มล. ชมพู,0,125,99,2,1
1405,8851932312981,เคียร์ชาย180มล. เขียว,0,220,99,2,1
1406,8851932312998,เคียร์เขียว170มล.,0,220,99,2,1
1407,8851932313285,สบู่วาสลีน แดง,0,55,99,2,1
1408,8851932313827,วาสลีน เมน เฟซ20กรัมสีเหลือง/หลอด,0,0,7,2,1
1409,8851932313834,วาสลีน เมน เฟซ20กรัมสีเหลือง/แพ็ค,0,0,7,2,1
1410,8851932313940,เคียร์ชาย170มล. ดำ,0,220,99,2,1
1411,8851932316019,ลักส์ครีมอาบน้ำ70มล./ชุดหัวแผง,0,0,7,2,1
1412,8851932316361,เซรั่นพอนด์ส ฟลอเลสไวท์7กรัม/หลอด,0,59,7,2,1
1413,8851932316378,พอนด์ส ฟลอเลสไวท์7กรัม/หลอด,0,59,7,2,1
1414,8851932333627,สบู่บักล์ ไข่มุก 4ก้อน,0,45,99,2,1
1415,8851932334709,บริสแดง28.-,0,28,99,2,1
1416,8851932344890,เคลียร์ชมพู70มล.,0,143,99,2,1
1417,8851932345521,คอมฟอร์ด16-ม่วง,0,45,99,2,1
1418,8851932345538,คอมฟอร์ด16-แดง,0,45,99,2,1
1419,8851932347099,ซัลซิลเขียว70มล.,0,108,99,2,1
1420,8851932347228,คอมฟอร์ด4.-สีฟ้า,0,77,99,2,1
1421,8851932347235,คอมฟอร์ด4.-ชมพู,0,77,99,2,1
1422,8851932347495,บิสชมพู28.-,0,28,99,2,1
1423,8851932347525,บริสชมพู10.-,0,100,99,2,1
1424,8851932348089,โดฟ70มล. น้ำเงิน,0,108,99,2,1
1425,8851932348096,โดฟ70มล. น้ำตาล,0,108,98,2,1
1426,8851932348102,โดฟ70มล. ชมพู,0,108,99,2,1
1427,8851932348119,โดฟ70มล. เขียว,0,108,98,2,1
1428,885193279560,ไวท์บิวตี้ 20กรัม/แพ็ค6หลอด,0,108,7,2,1
1429,8851954100689,น้ำซอสปรุงรสฝาเขียว 600 มล./ขวด,0,35,-13,2,1
1430,8851954100702,น้ำซอสปรุงรสฝาน้ำตาล 600มล./ขวด,0,24,-3,2,1
1431,8851954100726,ซอสถั่ว /ขวด,0,24,99,2,1
1432,8851954101211,น้ำซอสปรุงรสฝาเขียว 200มล./ขวด,0,17,7,2,1
1433,8851954102119,น้ำส้มสายชูกลั่น ตราภูเขาทอง 200มล./ขวด,0,12,7,2,1
1434,8851954103116,ซอสพริก220กรัม/ขวด,0,0,7,2,1
1435,8851954103512,ซอสพริกเผ็ดน้อย ตรา ภูเขาทอง680กรัม/ขวด,0,29,7,2,1
1436,8851954104021,ซอสมะเขือเทศ ตราภูเขาทอง220กรัม/ขวด,0,15,7,2,1
1437,8851954104106,ซอสมะเขือเทศ ตราภูเขาทอง660กรัม/ขวด,0,0,7,2,1
1438,8851954105103,ซอสหอยนางรม ตราภูเขาทอง/ขวด,0,38,3,2,1
1439,8851954196132,น้ำซอสถั่วเหลือง ตราเขาทอง 980มล./ขวด,0,35,7,2,1
1440,8851959132012,โค้ก325ซม./กระป๋อง,0,14,-17,2,1
1441,8851959132166,แฟนต้า กลิ่นส้ม325ซม./กระป๋อง,0,13,-8,2,1
1442,8851959132173,แฟนต้าสตรอเบอร์รี่350ซม./กระป๋อง,0,14,-7,2,1
1443,8851959132180,แฟนต้า สีเขียว325ซม./กระป๋อง,0,14,7,2,1
1444,8851959132364,สไปรท์325ซม./กระป๋อง,0,14,6,2,1
1445,8851959133019,โค้ก240ซม./กระป๋อง,0,10,2,2,1
1446,8851959133163,แฟนต้าส้ม240ซม./กระป๋อง,0,10,7,2,1
1447,8851959133170,แฟนต้าสตรอเบอร์รี่240ซม./กระป๋อง,0,10,7,2,1
1448,8851959144169,แฟนต้า ส้ม 1.25ลิตร/ขวด,0,28,-17,2,1
1449,8851959144176,แฟนต้า แดง 1.25ลิตร/ขวด,0,28,-16,2,1
1450,8851959144183,แฟนต้า เขียว1.25ลิตร/ขวด,0,28,-10,2,1
1451,8851959144367,สไปรท์ 1.25ลิตร/ขวด,0,28,-51,2,1
1452,8851959232163,แฟนต้าส้ม can325ซม./แพ็ค,0,0,-17,2,1
1453,8851959232170,แฟนต้าสีแดง 325ซม./แพ็ค,0,0,7,2,1
1454,8851959232187,แฟนต้าสีเขียว can325ซม./แพ็ค,0,0,7,2,1
1455,8851959232361,สไปรท์ 325ซม./แพ็ค,0,0,7,2,1
1456,8851959233016,โค้ก can 240ซม./แพ็ค,0,0,6,2,1
1457,8851959233160,แฟนต้าสีส้ม 240ซม./แพ็ค,0,0,0,0,0
1458,8851959233177,แฟนต้าน้ำแดง can240ซม./แพ็ค,0,0,7,2,1
1459,8851959233368,สไปรท์ 240ซม./แพ็ค,0,0,2,2,1
1460,885195944015,โค้ก 1.25ลิตรขวด,0,28,-29,2,1
1461,8851959444016,เครื่องดื่มโค้ก/แพ็ค,0,0,7,2,1
1462,8851959444160,เครื่องดื่มแฟนต้าส้ม/แพ็ค,0,0,-5,2,1
1463,8851959444177,เครื่องดื่มแฟนต้าแดง/แพ็ค,0,0,2,2,1
1464,8851959444184,เครื่องดื่มแฟานต้าเขียว/แพ็ค,0,0,7,2,1
1465,8851959444368,เครื่องดื่มสไปรท์/แพ็ค 12ขวด,0,0,7,2,1
1466,8851993616011,ช้าง/ขวด,0,0,6,2,1
1467,8851993616059,ช้างคลาสสิก640มล./ลัง,0,470,7,2,1
1468,8851993623019,ช้าง คลาสสิก/ขวด,0,25,7,2,1
1469,8851993623095,ช้างคลาสสิก330มล./ถาด,0,550,-91,2,1
1470,8852008001020,หมากฝรั่งลอตเต้แอปเปิ้ล/กล่อง50ชิ้น,0,40,-3,2,1
1471,8852008001051,หมากฝรั่งอันนี่เลมอน/กล่อง20ห่อ,0,80,-3,2,1
1472,8852008001112,หมากฝรั่งทรอปิคอลฟรุต/กล่อง20ห่อ,0,80,7,2,1
1473,8852008001655,หมากฝรั่งลอตเต้โคลาสไปซี/กล่อง20ชิ้น,0,78,-7,2,1
1474,8852008300635,โคอะลามาร์มช็อกดกแลต/ห่อ12ซอง,0,50,7,2,1
1475,8852008620269,ลอตเต้สตรอเบอร์รี/กล่อง50ชิ้น,0,40,5,2,1
1476,8852008623321,หมากฝรั่งลอตเต้สเปียร์มินต์/กล่อง50ชิ้น,0,40,-1,2,1
1477,8852008628029,หมากฝรั่งลอตเต้บลูเบอร์รี/กล่อง50ชิ้น,0,40,7,2,1
1478,8852044170216,ทาโร้รสบาบีคิว 10.-,50,50,94,2,1
1479,8852047111810,เซียงไฮรสช็อกโกแลต/ห่อ15ชิ้น,0,13,0,2,1
1480,8852047111834,เซียงไฮครีมวานิลลา/ห่อ15ชิ้น,0,13,-8,2,1
1481,8852047111872,เซียงไฮรสนม/ห่อ15ชิ้น,0,13,2,2,1
1482,8852086000113,แป้งเย็นตรางูโอเซียน150กรัม/กระปุก,0,0,7,2,1
1483,8852086001004,แป้งเย็นตรางู คลาสสิค50กรัม/กระปุก,0,0,7,2,1
1484,8852086101018,แป้งเย็นตรางู คลาสสิค 50กรัม/แพ็ค 12กระปุก,0,0,7,2,1
1485,8852086922347,แป้งเย็นตรางูโอเซียนเฟรช150กรัม/แพ็ค12กระปุก,0,0,7,2,1
1486,8852117287919,StarCup ช็อกแลตถ้วย1.-,73,75,100,5,1
1487,8852197110015,ยาหม่องตราถ้วยทอง 2กรัม/กล่อง,0,6,7,2,1
1488,8852197110022,ยาหม่อง ตราถ้วยทอง4กรัม/กล่อง,0,0,7,2,1
1489,8852197110039,ยาหม่องตราถ้วยทอง 8กรัม/กล่อง ,0,20,7,2,1
1490,8852197110046,ยาหม่องตราถ้วยทอง 12 กรัม/กล่อง,0,25,-5,2,1
1491,8852197120298,ยาคลอเฟน-วาย /กระปุก,0,0,7,2,1
1492,8852200108213,หมากฝรั่งรสสเปียร์มินต์/กล่อง20ชิ้น,0,80,-2,2,1
1493,8852200108220,หมากฝรั่งดับเบี้ลมินต์/กล่อง20แท่ง,0,80,4,2,1
1494,8852200108237,หมากฝรั่งจูซซี่ฟรุท/กล่อง20แท่ง,0,80,5,2,1
1495,8852521100132,คินโช กรีน ฟอร์มูล่า/กระป๋อง,0,45,6,2,1
1496,8852521300013,ยาจุดกันยุง คนโช9แดง/กล่อง,0,38,7,2,1
1497,8852521300051,ยาจุดกันยุง คนโช3เขียว/กล่อง,0,38,6,2,1
1498,8852528002897,นิชชิน ต้มยำกุ้ง,140,140,97,2,1
1499,8852528002958,นิชชิน หมูมะนาว,140,140,98,2,1
1500,8852959003708,วุ้นเส้นคัพต้มยำกุ้ง/กระปุก,0,16,7,2,1
1501,8852959003715,วุ้นเส้นคัพต้มยำกุ้ง/แพก3กระปุก,0,45,7,2,1
1502,8852959003821,โจ๊กรสหมูตราเกตร/แพ็ค 3ถ้วย,0,48,7,2,1
1503,8852959004422,โจ๊กรสไก่ตราเกตร/แพ็ค 3 ถ้วย,0,48,7,2,1
1504,8853002300577,ดีมอลต์ยูเอซที/แพ็ค4กล่อง,0,18,4,2,1
1505,8853002303097,ดีมอล Hi-16-c,0,90,99,2,1
1506,88530208,จอรสันต์กระปุกชมพู,0,60,99,2,1
1507,8853031013203,น้ำปลาผสม ตราหน่อไผ่ทอง/ขวด,0,0,2,2,1
1508,8853042000109,ยาแก้ไอน้ำดำตราเสือดาว60มล./กล่อง1ขวด,0,19,6,2,1
1509,8853042000956,ยาใส่แผล โพวิโดน-ไอโอดีน/ขวด,0,0,7,2,1
1510,88531649,จอรสันต์-กระปุกฟ้า,0,70,99,2,1
1511,8853327000961,น้ำส้มสายน้ำผึ้งตราอาร์เจเมกซ์/หีบ,0,0,-19,2,1
1512,8853327000978,RJ Max อาร์เจแมกซ์ น้ำแคนตาลูป/หีบ,0,0,-4,2,1
1513,8853327000985,อาร์เจแมกซ์ น้ำสัปปะรด/หีบ,0,0,7,2,1
1514,8853447009141,ซี-ซ่าร์ รสส้มสายน้ำผึ้ง/หีบ,0,0,7,2,1
1515,8853544000300,ไม้จิ้มฟ้น ตราไผ่อินเตอร์/ห่อ,0,10,7,2,1
1516,8853838001501,ยาไดเมนไฮดรีเนท/กล่อง,0,0,7,2,1
1517,8854424002216,นมเม็ดไวท์ฟาร์ม5.- นม,0,50,75,2,1
1518,8854424007297,นมเม็ดไวท์ฟาร์ม5.- ช็อก,45,50,99,2,1
1519,8854746009993,ยาผงพิเศษ/ซอง,0,10,7,2,1
1520,8854769001059,พาราเซตามอล 500 มก./กระปุก 100 เม็ด,0,0,-1,2,1
1521,8854769001455,พาราเซตามอลลอไข้ 500มก./กระปุก100เม็ด,0,0,4,2,1
1522,8854769001509,"พาราสีชมพู1,000เม็ด/กระปุก",0,190,7,2,1
1523,8854769002001,อัลกอฮอลืเช็ดแผล เอทานอล/ขวด,0,15,7,2,1
1524,8854769002056,Rubbing Alcohol 60ml,18,20,100,5,1
1525,8854769002605,ไฮโดรเจนเพอร์ออกไซด์/ขวด,0,10,7,2,1
1526,8854769006016,ยาแก้ปวดหัวยาว/กล่อง100ซอง,84,85,2,2,1
1527,885476901158,"พาราสีชมพู1,000เม็ด/กระปุก",0,185,7,2,1
1528,8854794000362,นิยมไทย 35 ดีกรีใหญ่/ขวด,0,0,7,2,1
1529,8854794000409,นิยมไทย 35 ดีกรี เล็ก/ขวด,0,0,7,2,1
1530,8854794000447,สุรา 35ดีกรี ใหญ่/ขวด,0,0,7,2,1
1531,8854794000485,สุรา 35ดีกรี เล็ก/ขวด,0,0,7,2,1
1532,88550007010241,แป้งเด็กจอห์นสันบลอสชั่ม50กรัม/ขวด,0,0,7,2,1
1533,8855120000520,กุ้งสามรส/หีบ,0,0,7,2,1
1534,8855120000810,หมูหยองเจ๊หมวยโคราช/แพ็ค,0,0,4,2,1
1535,8855120001213,ข้าวเกรียบรสปลาหมึกจ๊าบ/หีบ,0,0,7,2,1
1536,8855120001268,ข้วเกรียบรสกุ้งสะเด็ด/หีบ,0,0,7,2,1
1537,8855120001435,ข้าวเกรียบกุ้งสามรส มากิ/หีบ,0,0,5,2,1
1538,8855185000299,ผงพะโล้ 12กรัม/ห่อ 24ซอง,0,100,7,2,1
1539,8855444004020,ขนมขาไก่ต้นตำรับ 5ก.ก/ปีบ,0,0,7,2,1
1540,8855444004938,เมจิกบูล น้ำเงิน/ขวด,0,5,7,2,1
1541,8855444004945,เมจิกบูล เเดง/ขวด,0,5,7,2,1
1542,8855444004952,เมจิกบูล เหลือง/ขวด,0,5,7,2,1
1543,8855838000027,ท๊อฟฟี่นมแท้110กรัม/ห่อ,15,0,3,2,1
1544,8855842000020,นิคกระดาษซับหน้ามัน300ซม./ซอง,0,0,7,2,1
1545,8855847001329,ถ่านแมงกานีส ยี่ห้อ รอคเค็ท /กล่อง 12 แผง,0,100,7,2,1
1546,8855917000870,โอโตริซีฟู้กยำสาหร่าย/กล่อง12ซอง,0,50,7,2,1
1547,8855917000887,โอโตริรสป๊อบคาราเมล/กล่อง12ซอง,0,50,7,2,1
1548,8856482000203,ยานัตกุ์ หมอมี13กรัม/ขวด,0,15,7,2,1
1549,8857102070880,ยาแก้แพ้Chlrpheniramine100m/กระปุก,0,10,5,2,1
1550,8857102910452,สารส้มขวด,0,420,99,2,1
1551,8857107730543,สาหร่ายอบ ตรานินจารสคลาสสิค/แพ็ค,0,0,7,2,1
1552,8857107730666,สาหร่ายอบ ตรานินจารสคลาสสิค/ซอง,0,0,7,2,1
1553,8857107980801,วุ้นเส้นสายน้ำ 35 กรัม/ถุง,0,5,7,2,1
1554,8857107980818,วุ้นเส้นสายน้ำ35กรัม/ห่อ 10 ถุง,0,50,3,2,1
1555,8857107980825,วุ้นเส้นสายน้ำ 35กรัม/หีบ 250 ถุง,0,0,7,2,1
1556,8857122299186,โกโก้เมาท์เทน600กรัม/ห่อ20ซอง,0,90,7,2,1
1557,8857122623769,ซอสหอยนางรม ตรานกแชมป์4.5กก./แกนลอน,0,75,3,2,1
1558,8858223006918,"ขนมปังรวมมิตร1,500/ปี๊บ",0,0,3,2,1
1559,8858223007427,"กะทิสับปะรด1,500กรัม/ปิ๊บ",0,0,7,2,1
1560,8858223007434,"ชีลสับปะรด1,500กรัม/ปิ๊บ",0,0,7,2,1
1561,8858223007441,"ขาไก่เค็ม1,500/ปี๊บ",0,0,7,2,1
1562,8858223007458,"ขาไก่5รส1,500/ปี๊บ",0,0,7,2,1
1563,8858223007465,"เวเฟอร์แผ่นวนิลา1,500/ปี๊บ",0,0,4,2,1
1564,8858223007472,"เวเฟอร์แผ่นสตรอ1,500/ปี๊บ",0,0,7,2,1
1565,8858223007489,"เวเฟอร์แผ่นช็อก1,500/ปี๊บ",0,0,2,2,1
1566,8858223007496,"เวเฟอร์แผ่นส้ม1,500/ปี๊บ",0,0,7,2,1
1567,8858223007502,"งาทอง1,500/ปี๊บ",0,0,7,2,1
1568,8858223007519,"เอบีชี1,500/ปี๊บ",0,0,7,2,1
1569,8858223007526,"คุกกี้ครีมกาแฟ1,500กรัม/ปิ๊บ",0,0,7,2,1
1570,8858223007533,"คุกกี้ครีมขาว1,500กรัม/ปิ๊บ",0,0,7,2,1
1571,8858223007540,"คุกกี้ครีมทุเรียน1,500กรัม/ปิ๊บ",0,0,7,2,1
1572,8858223007557,"คุกกี้ครีมใบเตย1,500กรัม/ปิ๊บ",0,0,7,2,1
1573,8858223007564,"แบล็คแอนด์ไวท์1,500กรัม/ปี๊บ",0,315,7,2,1
1574,8858223007571,"วีโอช็อคดำ1,500/ปิ๊บ",0,315,7,2,1
1575,8858223007588,"สติ๊กช็อค1,500/ปิ๊บ",0,315,7,2,1
1576,8858223007595,"สติ๊กลายช็อค1,500กรัม/ปิ๊บ",0,315,7,2,1
1577,8858279001035,วอยซ์ช็อกโกคริสปี้/ห่อ12ซอง,0,50,7,2,1
1578,8858279001950,วอยซ์กลิ่นครีมมี่บัตเตอร์/ห่อ12ซอง,0,50,7,2,1
1579,8858279004333,อันปันรสช็อกโกแลก/กล่อง12ซอง,0,50,99,2,1
1580,8858279004340,อันปันกลิ่นนมข้นหวาน/กล่อง12ซอง,0,50,7,2,1
1581,8858279004364,อันปันดั้งเดิม/กล่อง12ซอง,0,50,6,2,1
1582,8858279004463,อันปันรสผัก/กล่อง12ซอง,0,50,7,2,1
1583,8858447000228,หมูหยองเจ๊หมวยโคราช/ซอง,0,5,7,2,1
1584,8858467000024,น้ำมันมวย 30 ซี.ซี/ขวด,0,35,7,2,1
1585,8858528100007,เม็ดพลอยคละสี 4ก.ก/ปีบ,0,270,7,2,1
1586,8858528105002,กะทิสับประรด 5ก.ก/ปีบ,0,315,7,2,1
1587,8858528106030,สติ๊กรสส้ม 5ก.ก/ปีบ,0,315,7,2,1
1588,8858587001246,สบู่อิงอร มะขามผสมน้ำผึ้ง/ก้อม,0,70,7,2,1
1589,8858587001697,สบู่อิงอร85กรัม/แพ็ค4ก้อน,0,70,7,2,1
1590,8858587001727,สบู่มะขามก้อนกรม/แพก,0,98,7,2,1
1591,8858587001734,สบู่น้ำนมข้าวก้อนกรม/แพก,0,98,-3,2,1
1592,8858587006319,สบู่บัวหิมะก้อนกรม/แพก,0,98,7,2,1
1593,8858638000044,อาเจบิ๊กโคล่า425 มล./ขวด,0,10,7,2,1
1594,8858638000075,อาเจบิ๊กโคล่า1.5 ลิตร/ขวด,0,0,7,2,1
1595,8858638000211,อาเจบิ๊กกลิ่นสตรอเบอร์รี่ 425 มล./ขวด,0,10,7,2,1
1596,8858638001164,อาเจบิ๊กกลิ่นมะนาว 425 มล./ขวด,0,10,0,2,1
1597,8858638001201,อาเจบิ๊กกลิ่นส้ม 425มล./ขวด,0,10,7,2,1
1598,885863801386,อาเจบิ๊กกลิ่นองุ่น1.5 ลิตร/ขวด,0,10,7,2,1
1599,8858667400044,ถุงยูนิค ตรากุญแจ 21/2x4/ถุง,0,40,3,2,1
1600,8858667400082,ถุงยูนิค ตรากุญแจ 3x5/ถุง,0,40,6,2,1
1601,8858667400198,ถุงยูนิค ตรากุญแจ 5x7/ถุง,0,40,7,2,1
1602,8858667400204,ถุงยูนิค ตรากุญแจ 5x8/ถุง,0,40,7,2,1
1603,8858667400211,ถุงยูนิค ตรากุญแจ 5x9/ถุง,0,40,7,2,1
1604,8858667400235,ถุงยูนิค ตรากุญแจ 6x9/ถุง,0,40,7,2,1
1605,8858667400280,ถุงยูนิค ตรากุญแจ 7x11/ถุง,0,40,7,2,1
1606,8858667400303,ถุงยูนิค ตรากุญแจ 8x12/ถุง,0,40,7,2,1
1607,8858667400341,ถุงยูนิค ตรากุญแจ 12x18/ถุง,0,40,7,2,1
1608,8858667400419,ถุงร้อนใส ตรากุญแจ18x28/ห่อ,0,40,7,2,1
1609,8858668400371,แป้งนาทริฟ ผิวขาวถึงผิวสองสี40กรัม/ขวด,0,25,7,2,1
1610,8858668400388,แป้งนาทริฟ ผิวสองสีถึงผิวคล้ำ40กรัม/ขวด,0,25,7,2,1
1611,8858668401392,แป้งนาทริฟ บีบี 40กรัม/ขวด,0,25,7,2,1
1612,8858668401828,แป้งนาทริฟ ฟอร์เมน40กรัม/ขวด,0,25,7,2,1
1613,8858668440377,แป้งนาทริฟ ผิวขาวถึงผิวสองสี40กรัม/แพ็ค6ขวด,0,120,7,2,1
1614,8858668441398,แป้งนาทริฟ บีบี40กรัม/แพ็ค 6ขวด,0,120,7,2,1
1615,8858670600141,ซีม่าครีม /หลอด,0,39,7,2,1
1616,8858670600417,ซีม่าโรชั่น/กล่อง1ขวด,0,27,7,2,1
1617,8858670600424,ซีม่า โรชั่น /กล่อง12-15มล.,0,0,6,2,1
1618,8858755200013,เนเจอร์กิฟ กาแฟ/กล่อง10ซอง,0,85,7,2,1
1619,8858759600079,สเเน็ปโก้รสช็อกโกแลก/กล่อง24ซอง,0,120,7,2,1
1620,8858759600161,โคโค้โคริ3อิน1 30กรัม/ซอง,0,5,7,2,1
1621,8858766100463,ปลากระป๋องไชโยฝาดึง/กระป๋อง,0,10,7,2,1
1622,8858766100685,hi chu can ปลากระปํอง,0,9,99,9,2
1623,8858796600179,กรีนฟิลล์ คลอโรฟิลล์ชาน้ำผึ้ง400มล./ขวด,0,15,7,2,1
1624,8858817011038,ถุงพลาสติก ตรามงกุฎPP3x5/ถุง,0,15,5,2,1
1625,8858817011236,ถุงพลาสติก ตรามงกุฎPP9x4/ถุง,0,40,7,2,1
1626,8858817011250,ถุงพลาสติก ตรามงกุฎPP12x18/ถุง,0,40,5,2,1
1627,8858817011311,ถุงพลาสติก ตรามงกุฎ pp20x30/ห่อ,0,40,7,2,1
1628,8858817019003,ถุงหูหิ้วเนื้อ ตรามงกุฎ5x9/ห่อ,0,8,7,2,1
1629,8858817019157,ถุงหูหิ้วเนื้อ ตรามงกุฎ6x11/ห่อ,0,10,5,2,1
1630,8858817019164,ถุงหูหิ้วเนื้อ ตรามงกุฎ6x14/ห่อ,0,12,2,2,1
1631,8858817019171,ถุงหูหิ้วเนื้อ ตรามงกุฎ7x15/ห่อ,0,15,6,2,1
1632,8858826711004,ลูกโป่งยาว ตราช้าง/แพ็ค,0,0,7,2,1
1633,8858829700098,ยาผงแดง/ซอง,0,0,999,2,1
1634,8858831000056,สบู่นมข้าว100กรัม/ก้อน,0,0,7,2,1
1635,8858838000042,น้ำมันราชา1ลิตร/ขวด,0,35,1,2,1
1636,8858838003487,น้ำมันราชา1ลิตร/ลัง12ขวด,0,480,998,2,1
1637,8858838020040,oil 1 L,0,42,99,2,1
1638,8858838023485,น้ำมันกุ้งมังกร/ลัง,0,480,98,2,1
1639,8858880400128,ธัญธัญรสนม/ห่อ24ซอง,0,20,100,2,1
1640,8858880400142,ธัญธัญรสช็อกโกแลต/ห่อ24ซอง,0,20,100,2,1
1641,8858880400289,ธัญธัญรสนม/หีบ,0,20,7,2,1
1642,8858880400296,ธัญธัญรสช็อกโกแลต/หีบ,0,20,7,2,1
1643,8858880400395,วาวารสชีฟู๊ดส์/ห่อ24ซอง,0,20,97,2,1
1644,8858929100057,ดรีนอาบน้ำแองกรี้ เบิรดส์260มล./ขวด,0,90,7,2,1
1645,8858947810907,ผ้าอ้อมกูนน์S/ห่อ,0,145,3,2,1
1646,8858947811003,ผ้าอ้อมกูนน์M/ห่อ,0,145,7,2,1
1647,8858947821002,ผ้าอ้อมกูนน์ L/ห่อ,0,145,7,2,1
1648,885894820906,ผ้าอ้อมกูนน์pantsM/ห่อ,0,145,7,2,1
1649,8858998581054,เป๊ปซี่ 1 ลิตร/ขวด,0,20,7,2,1
1650,8858998591053,เป็ปซี่ขวด ลิตร 12/แพ็ค 12ขวด,0,250,7,2,1
1651,8859015700014,ทเวนตี้ โฟร์/ขวด,0,12,7,2,1
1652,885939909002,หมากฝรั่งสเปียร์มินต์/กล่อง50ชิ้น,0,40,7,2,1
1653,885959232187,แฟนต้าน้ำเขียว 325 ซม./แพ็ค,0,0,7,2,1
1654,88852116798535,ซีลีโกะ รุ่นแผงแขวน/หีบ,0,0,7,2,1
1655,8887549356902,ถ่านไฟฉายพานาโซนิค RO3ST/แพ็ค 4ก้อน,0,0,7,2,1
1656,8887549357039,ถ่านไฟฉาย พานาโวนิค/กล่อง12แพ็ค,0,0,5,2,1
1657,8888299270036,กาว ตราช้าง/กล่อง,0,0,7,2,1
1658,8888299751184,กาว ตราช้าง/อัน,0,0,6,2,1
1659,888947811003,ผ้าอ้อมกูนน์M/ห่อ,0,170,2,2,1
1660,8934677000242,หมากฝรั่งลอตเต้1บาท/แพง,0,20,-10,2,1
1661,8934804023458,แม็กกี้หมูแดง408กรัม/กล่อง12ซอง,0,260,7,2,1
1662,8934804023496,แม็กกี้หมูแดง34กรัม/ซอง,0,25,7,2,1
1663,8934868052777,โปรเมกซ์อัลตร้าเข้มข้น/ขวด,0,37,5,2,1
1664,8990800002569,ลูกอมเมนทอลมีนต์/ถุง100เม็ด,0,40,7,2,1
1665,8991002306547,ลูกอมเอสเปรซโซ่รสกาแฟ/กระปุก200เม็ด,0,80,7,2,1
1666,8991002306554,ลูกอมกาแฟ ตราเอสเปรซโซ่ 100เม็ด/ถุง,0,50,7,2,1
1667,8992304000010,การ์นิเย่สูตรป้องกันแสงแดด7มล./ซอง,0,15,7,2,1
1668,8992741986632,Fruit Cocktails 1บาท/ห่อ,0,60,6,2,1
1669,8996001303719,โกช็อกโก้/ห่อ24ชิ้น,0,40,-23,2,1
1670,8996001304617,แยมโอแยมรสสตรอเบอรี่/ห่อ 24ซอง,0,40,7,2,1
1671,8996001304846,แยมโอแยมรสสัปปะรด/ห่อ 24ซอง,0,40,7,2,1
1672,8999999026400,โดฟดีพลี่เนอร์ริชชิ่ง550มล./ขวด,0,0,7,2,1
1673,8999999028114,โดฟโกเฟรชรีไวว์ 200มล./ขวด,0,65,7,2,1
1674,8999999028121,ครีมอาบน้ำ โดฟสีชมพู550มล./ขวด,0,180,7,2,1
1675,8999999028138,โดฟเจนเทิลเอ็กซ์โฟลิเทิ่ง200มล./ขวด,0,65,7,2,1
1676,8999999028152,ครีมอาบน้ำ โดฟสีฟ้า550มล./ขวด,0,180,7,2,1
1677,8999999030582,โดฟดีพลี่เนอร์ริชชิ่ง200มล./ขวด,0,65,7,2,1
1678,8999999030599,โดฟโกเฟรชทัช200มล./ขวด,0,65,7,2,1
1679,900001,แลคตาซอย 10.-ลัง,0,280,99,2,1
1680,900002,แลคตาซอย 5.-ลัง,0,245,99,2,1
1681,900003,นมแท่งลังคละสี,0,585,77,2,1
1682,900004,ไฟหัวตราเพชร,0,85,84,2,1
1683,902430459679,รีจอยส์ ซอฟท์แอนด์สมูท70มล/แพ็ค6ขวด,0,108,7,2,1
1684,9415007006695,แอนลีนรสจืด/กล่อง,0,148,7,2,1
1685,9415007025788,แอนลีนรสจืด/แพ็ค4กล่อง,0,50,7,2,1
1686,9415007025795,แอนลีน รสหวาน180มล./กล่อง,0,15,7,2,1
1687,9415007025801,แอนลีนรสหวาน/แพ็ค4กล่อง,0,50,7,2,1
1688,9458112373702,บะหมี่ก้อนกึ่งสำเร็จรูปตราเอฟเอฟ/ห่อ,0,55,-1,2,1
1689,95509747,L&M  เขียว/กล่อง,0,448,7,2,1
1690,9555192509554,หมากฝรั่งดับเบิ้ลมินต์/กล่อง50ชิ้น,0,40,7,2,1
1691,9556001184856,ไมโล ซ็อกโกบาร์/แผง24 ห่อ,0,60,7,2,1
1692,9556006012086,จอห์นสันเบบี้100มล,0,15,99,2,1
1693,9556006012093,จอห์นสันเบบี้ท็ปโทวอช200มล./ขวด,0,60,99,2,1
1694,9556006060094,จอห์นสันเบบี้สีเหลือง50มล./แพ็ค,0,13,99,2,1
1695,9556006060308,จอห์นสันเบบี้มิลล์บาธ100มล./ขวด,0,29,7,2,1
1696,9556006061633,โลชั่นจอห์นสันฟรีแป้ง/ขวด,0,0,7,2,1
1697,9556815362013,ผ้าอ้อมbabysoft/ห่อ,98,98,7,2,1
1698,999001,เบนซีน95,50,49.8,6599,2,1